<?xml version="1.0" encoding="UTF-8" standalone="yes"?>
<cp:coreProperties xmlns:cp="http://schemas.openxmlformats.org/package/2006/metadata/core-properties" xmlns:dc="http://purl.org/dc/elements/1.1/" xmlns:dcterms="http://purl.org/dc/terms/" xmlns:dcmitype="http://purl.org/dc/dcmitype/" xmlns:xsi="http://www.w3.org/2001/XMLSchema-instance"><dc:title>בוחן 1 "עקרונות שפות תכנות"</dc:title><dc:subject></dc:subject><dc:creator>.</dc:creator><cp:keywords></cp:keywords><cp:lastModifiedBy>Dario Boggio</cp:lastModifiedBy><cp:revision>4</cp:revision><cp:lastPrinted>2007-06-10T14:49:00Z</cp:lastPrinted><dcterms:created xsi:type="dcterms:W3CDTF">2017-08-06T18:02:00Z</dcterms:created><dcterms:modified xsi:type="dcterms:W3CDTF">2017-08-07T00:09:00Z</dcterms:modified></cp:coreProperties>