<?xml version="1.0" encoding="UTF-8" standalone="yes"?>
<w:document xmlns:wpc="http://schemas.microsoft.com/office/word/2010/wordprocessingCanvas" xmlns:cx="http://schemas.microsoft.com/office/drawing/2014/chartex" xmlns:cx1="http://schemas.microsoft.com/office/drawing/2015/9/8/chartex" xmlns:cx2="http://schemas.microsoft.com/office/drawing/2015/10/21/chartex" xmlns:cx3="http://schemas.microsoft.com/office/drawing/2016/5/9/chartex" xmlns:cx4="http://schemas.microsoft.com/office/drawing/2016/5/10/chartex" xmlns:cx5="http://schemas.microsoft.com/office/drawing/2016/5/11/chartex" xmlns:cx6="http://schemas.microsoft.com/office/drawing/2016/5/12/chartex" xmlns:cx7="http://schemas.microsoft.com/office/drawing/2016/5/13/chartex" xmlns:cx8="http://schemas.microsoft.com/office/drawing/2016/5/14/chartex" xmlns:mc="http://schemas.openxmlformats.org/markup-compatibility/2006" xmlns:aink="http://schemas.microsoft.com/office/drawing/2016/ink" xmlns:am3d="http://schemas.microsoft.com/office/drawing/2017/model3d" xmlns:o="urn:schemas-microsoft-com:office:office" xmlns:r="http://schemas.openxmlformats.org/officeDocument/2006/relationships" xmlns:m="http://schemas.openxmlformats.org/officeDocument/2006/math" xmlns:v="urn:schemas-microsoft-com:vml" xmlns:wp14="http://schemas.microsoft.com/office/word/2010/wordprocessingDrawing" xmlns:wp="http://schemas.openxmlformats.org/drawingml/2006/wordprocessingDrawing" xmlns:w10="urn:schemas-microsoft-com:office:word" xmlns:w="http://schemas.openxmlformats.org/wordprocessingml/2006/main" xmlns:w14="http://schemas.microsoft.com/office/word/2010/wordml" xmlns:w15="http://schemas.microsoft.com/office/word/2012/wordml" xmlns:w16cid="http://schemas.microsoft.com/office/word/2016/wordml/cid" xmlns:w16se="http://schemas.microsoft.com/office/word/2015/wordml/symex" xmlns:wpg="http://schemas.microsoft.com/office/word/2010/wordprocessingGroup" xmlns:wpi="http://schemas.microsoft.com/office/word/2010/wordprocessingInk" xmlns:wne="http://schemas.microsoft.com/office/word/2006/wordml" xmlns:wps="http://schemas.microsoft.com/office/word/2010/wordprocessingShape" mc:Ignorable="w14 w15 w16se w16cid wp14"><w:body><w:p w:rsidR="0010322A" w:rsidRDefault="00D95B77"><w:pPr><w:rPr><w:rtl/></w:rPr></w:pPr><w:r><w:rPr><w:rFonts w:hint="cs"/><w:rtl/></w:rPr><w:t xml:space="preserve">קטלוג שירותים </w:t></w:r></w:p><w:p w:rsidR="00D95B77" w:rsidRDefault="00D95B77"><w:pPr><w:rPr><w:rtl/></w:rPr></w:pPr></w:p><w:p w:rsidR="00D95B77" w:rsidRDefault="00D95B77"><w:pPr><w:rPr><w:rtl/></w:rPr></w:pPr></w:p><w:p w:rsidR="00D95B77" w:rsidRDefault="00D95B77"><w:pPr><w:rPr><w:rtl/></w:rPr></w:pPr><w:r><w:rPr><w:rFonts w:hint="cs"/><w:rtl/></w:rPr><w:t xml:space="preserve">יצירת שירות </w:t></w:r><w:r><w:rPr><w:rFonts w:hint="cs"/></w:rPr><w:t>REST</w:t></w:r></w:p><w:p w:rsidR="00D95B77" w:rsidRPr="00D95B77" w:rsidRDefault="00D95B77"><w:pPr><w:rPr><w:b/><w:bCs/><w:rtl/></w:rPr></w:pPr><w:r w:rsidRPr="00D95B77"><w:rPr><w:rFonts w:hint="cs"/><w:b/><w:bCs/><w:rtl/></w:rPr><w:t xml:space="preserve">שמות שדות ליצירת השירות </w:t></w:r></w:p><w:p w:rsidR="00D95B77" w:rsidRDefault="00D95B77" w:rsidP="00D95B77"><w:pPr><w:pStyle w:val="a3"/><w:numPr><w:ilvl w:val="0"/><w:numId w:val="1"/></w:numPr><w:rPr><w:rtl/></w:rPr></w:pPr><w:r><w:rPr><w:rFonts w:hint="cs"/><w:rtl/></w:rPr><w:t xml:space="preserve">שם שירות בעברית </w:t></w:r></w:p><w:p w:rsidR="00D95B77" w:rsidRDefault="00D95B77" w:rsidP="00D95B77"><w:pPr><w:pStyle w:val="a3"/><w:numPr><w:ilvl w:val="0"/><w:numId w:val="1"/></w:numPr><w:rPr><w:rtl/></w:rPr></w:pPr><w:r><w:rPr><w:rFonts w:hint="cs"/><w:rtl/></w:rPr><w:t xml:space="preserve">שם שירות באנגלית </w:t></w:r></w:p><w:p w:rsidR="00D95B77" w:rsidRDefault="00D95B77" w:rsidP="00D95B77"><w:pPr><w:pStyle w:val="a3"/><w:numPr><w:ilvl w:val="0"/><w:numId w:val="1"/></w:numPr></w:pPr><w:r><w:rPr><w:rFonts w:hint="cs"/><w:rtl/></w:rPr><w:t xml:space="preserve">כתובת השירות </w:t></w:r></w:p><w:p w:rsidR="00D95B77" w:rsidRDefault="00D95B77" w:rsidP="00D95B77"><w:pPr><w:pStyle w:val="a3"/><w:numPr><w:ilvl w:val="0"/><w:numId w:val="1"/></w:numPr></w:pPr><w:r><w:rPr><w:rFonts w:hint="cs"/><w:rtl/></w:rPr><w:t xml:space="preserve">מנהל עסקי </w:t></w:r></w:p><w:p w:rsidR="00D95B77" w:rsidRDefault="00D95B77" w:rsidP="00D95B77"><w:pPr><w:pStyle w:val="a3"/><w:numPr><w:ilvl w:val="0"/><w:numId w:val="1"/></w:numPr></w:pPr><w:r><w:rPr><w:rFonts w:hint="cs"/><w:rtl/></w:rPr><w:t xml:space="preserve">מנהל טכני </w:t></w:r></w:p><w:p w:rsidR="00D95B77" w:rsidRDefault="00923B09" w:rsidP="00D95B77"><w:pPr><w:pStyle w:val="a3"/><w:numPr><w:ilvl w:val="0"/><w:numId w:val="1"/></w:numPr></w:pPr><w:r><w:rPr><w:rFonts w:hint="cs"/><w:rtl/></w:rPr><w:t xml:space="preserve">תיאור השירות </w:t></w:r></w:p><w:p w:rsidR="00923B09" w:rsidRDefault="005456E8" w:rsidP="00D95B77"><w:pPr><w:pStyle w:val="a3"/><w:numPr><w:ilvl w:val="0"/><w:numId w:val="1"/></w:numPr></w:pPr><w:r><w:rPr><w:rFonts w:hint="cs"/><w:rtl/></w:rPr><w:t xml:space="preserve">מסמך איפון לשירות </w:t></w:r></w:p><w:p w:rsidR="005456E8" w:rsidRDefault="005456E8" w:rsidP="00D95B77"><w:pPr><w:pStyle w:val="a3"/><w:numPr><w:ilvl w:val="0"/><w:numId w:val="1"/></w:numPr><w:rPr><w:rtl/></w:rPr></w:pPr><w:bookmarkStart w:id="0" w:name="_GoBack"/><w:bookmarkEnd w:id="0"/></w:p><w:p w:rsidR="00D95B77" w:rsidRDefault="00D95B77"><w:pPr><w:rPr><w:rFonts w:hint="cs"/></w:rPr></w:pPr></w:p><w:sectPr w:rsidR="00D95B77" w:rsidSect="000A078B"><w:pgSz w:w="11906" w:h="16838"/><w:pgMar w:top="1440" w:right="1800" w:bottom="1440" w:left="1800" w:header="708" w:footer="708" w:gutter="0"/><w:cols w:space="708"/><w:bidi/><w:rtlGutter/><w:docGrid w:linePitch="360"/></w:sectPr></w:body></w:document>