<?xml version="1.0" encoding="UTF-8" standalone="yes"?>
<w:document xmlns:wpc="http://schemas.microsoft.com/office/word/2010/wordprocessingCanvas" xmlns:cx="http://schemas.microsoft.com/office/drawing/2014/chartex" xmlns:cx1="http://schemas.microsoft.com/office/drawing/2015/9/8/chartex" xmlns:cx2="http://schemas.microsoft.com/office/drawing/2015/10/21/chartex" xmlns:cx3="http://schemas.microsoft.com/office/drawing/2016/5/9/chartex" xmlns:cx4="http://schemas.microsoft.com/office/drawing/2016/5/10/chartex" xmlns:cx5="http://schemas.microsoft.com/office/drawing/2016/5/11/chartex" xmlns:cx6="http://schemas.microsoft.com/office/drawing/2016/5/12/chartex" xmlns:cx7="http://schemas.microsoft.com/office/drawing/2016/5/13/chartex" xmlns:cx8="http://schemas.microsoft.com/office/drawing/2016/5/14/chartex" xmlns:mc="http://schemas.openxmlformats.org/markup-compatibility/2006" xmlns:aink="http://schemas.microsoft.com/office/drawing/2016/ink" xmlns:am3d="http://schemas.microsoft.com/office/drawing/2017/model3d" xmlns:o="urn:schemas-microsoft-com:office:office" xmlns:r="http://schemas.openxmlformats.org/officeDocument/2006/relationships" xmlns:m="http://schemas.openxmlformats.org/officeDocument/2006/math" xmlns:v="urn:schemas-microsoft-com:vml" xmlns:wp14="http://schemas.microsoft.com/office/word/2010/wordprocessingDrawing" xmlns:wp="http://schemas.openxmlformats.org/drawingml/2006/wordprocessingDrawing" xmlns:w10="urn:schemas-microsoft-com:office:word" xmlns:w="http://schemas.openxmlformats.org/wordprocessingml/2006/main" xmlns:w14="http://schemas.microsoft.com/office/word/2010/wordml" xmlns:w15="http://schemas.microsoft.com/office/word/2012/wordml" xmlns:w16cid="http://schemas.microsoft.com/office/word/2016/wordml/cid" xmlns:w16se="http://schemas.microsoft.com/office/word/2015/wordml/symex" xmlns:wpg="http://schemas.microsoft.com/office/word/2010/wordprocessingGroup" xmlns:wpi="http://schemas.microsoft.com/office/word/2010/wordprocessingInk" xmlns:wne="http://schemas.microsoft.com/office/word/2006/wordml" xmlns:wps="http://schemas.microsoft.com/office/word/2010/wordprocessingShape" mc:Ignorable="w14 w15 w16se w16cid wp14"><w:body><w:p w:rsidR="0071590A" w:rsidRPr="0071590A" w:rsidRDefault="0071590A" w:rsidP="0071590A"><w:pPr><w:shd w:val="clear" w:color="auto" w:fill="FFFFFF"/><w:bidi w:val="0"/><w:spacing w:after="255" w:line="312" w:lineRule="atLeast"/><w:jc w:val="right"/><w:outlineLvl w:val="0"/><w:rPr><w:rFonts w:ascii="Arial" w:eastAsia="Times New Roman" w:hAnsi="Arial" w:cs="Arial"/><w:b/><w:bCs/><w:color w:val="313131"/><w:kern w:val="36"/><w:sz w:val="36"/><w:szCs w:val="36"/></w:rPr></w:pPr><w:bookmarkStart w:id="0" w:name="_GoBack"/><w:r w:rsidRPr="0071590A"><w:rPr><w:rFonts w:ascii="Arial" w:eastAsia="Times New Roman" w:hAnsi="Arial" w:cs="Arial"/><w:b/><w:bCs/><w:color w:val="313131"/><w:kern w:val="36"/><w:sz w:val="36"/><w:szCs w:val="36"/></w:rPr><w:t xml:space="preserve">CAM </w:t></w:r><w:r w:rsidRPr="0071590A"><w:rPr><w:rFonts w:ascii="Arial" w:eastAsia="Times New Roman" w:hAnsi="Arial" w:cs="Arial"/><w:b/><w:bCs/><w:color w:val="313131"/><w:kern w:val="36"/><w:sz w:val="36"/><w:szCs w:val="36"/><w:rtl/></w:rPr><w:t>טבלת</w:t></w:r><w:r w:rsidRPr="0071590A"><w:rPr><w:rFonts w:ascii="Arial" w:eastAsia="Times New Roman" w:hAnsi="Arial" w:cs="Arial"/><w:b/><w:bCs/><w:color w:val="313131"/><w:kern w:val="36"/><w:sz w:val="36"/><w:szCs w:val="36"/></w:rPr><w:t xml:space="preserve"> MAC </w:t></w:r><w:r w:rsidRPr="0071590A"><w:rPr><w:rFonts w:ascii="Arial" w:eastAsia="Times New Roman" w:hAnsi="Arial" w:cs="Arial"/><w:b/><w:bCs/><w:color w:val="313131"/><w:kern w:val="36"/><w:sz w:val="36"/><w:szCs w:val="36"/><w:rtl/></w:rPr><w:t>ו</w:t></w:r><w:r w:rsidRPr="0071590A"><w:rPr><w:rFonts w:ascii="Arial" w:eastAsia="Times New Roman" w:hAnsi="Arial" w:cs="Arial"/><w:b/><w:bCs/><w:color w:val="313131"/><w:kern w:val="36"/><w:sz w:val="36"/><w:szCs w:val="36"/></w:rPr><w:t xml:space="preserve"> ARP</w:t></w:r></w:p><w:p w:rsidR="0071590A" w:rsidRPr="0071590A" w:rsidRDefault="0071590A" w:rsidP="0071590A"><w:pPr><w:shd w:val="clear" w:color="auto" w:fill="FFFFFF"/><w:bidi w:val="0"/><w:spacing w:after="255" w:line="312" w:lineRule="atLeast"/><w:jc w:val="right"/><w:outlineLvl w:val="1"/><w:rPr><w:rFonts w:ascii="Arial" w:eastAsia="Times New Roman" w:hAnsi="Arial" w:cs="Arial"/><w:b/><w:bCs/><w:color w:val="313131"/><w:sz w:val="33"/><w:szCs w:val="33"/></w:rPr></w:pPr><w:r w:rsidRPr="0071590A"><w:rPr><w:rFonts w:ascii="Arial" w:eastAsia="Times New Roman" w:hAnsi="Arial" w:cs="Arial"/><w:b/><w:bCs/><w:color w:val="313131"/><w:sz w:val="33"/><w:szCs w:val="33"/></w:rPr><w:t>CAM</w:t></w:r></w:p><w:p w:rsidR="0071590A" w:rsidRPr="0071590A" w:rsidRDefault="0071590A" w:rsidP="0071590A"><w:pPr><w:shd w:val="clear" w:color="auto" w:fill="FFFFFF"/><w:bidi w:val="0"/><w:spacing w:after="255" w:line="312" w:lineRule="atLeast"/><w:jc w:val="right"/><w:outlineLvl w:val="2"/><w:rPr><w:rFonts w:ascii="Arial" w:eastAsia="Times New Roman" w:hAnsi="Arial" w:cs="Arial"/><w:b/><w:bCs/><w:color w:val="313131"/><w:sz w:val="30"/><w:szCs w:val="30"/></w:rPr></w:pPr><w:r w:rsidRPr="0071590A"><w:rPr><w:rFonts w:ascii="Arial" w:eastAsia="Times New Roman" w:hAnsi="Arial" w:cs="Arial"/><w:b/><w:bCs/><w:color w:val="313131"/><w:sz w:val="30"/><w:szCs w:val="30"/></w:rPr><w:t> Content Addressable Memory</w:t></w:r></w:p><w:p w:rsidR="0071590A" w:rsidRPr="0071590A" w:rsidRDefault="0071590A" w:rsidP="0071590A"><w:pPr><w:shd w:val="clear" w:color="auto" w:fill="FFFFFF"/><w:bidi w:val="0"/><w:spacing w:after="255" w:line="240" w:lineRule="auto"/><w:jc w:val="right"/><w:rPr><w:rFonts w:ascii="Arial" w:eastAsia="Times New Roman" w:hAnsi="Arial" w:cs="Arial"/><w:color w:val="313131"/><w:sz w:val="21"/><w:szCs w:val="21"/></w:rPr></w:pPr><w:r w:rsidRPr="0071590A"><w:rPr><w:rFonts w:ascii="Arial" w:eastAsia="Times New Roman" w:hAnsi="Arial" w:cs="Arial"/><w:color w:val="313131"/><w:sz w:val="21"/><w:szCs w:val="21"/><w:rtl/></w:rPr><w:t>היא טבלה המכילה את הפורט ואת ה</w:t></w:r><w:r w:rsidRPr="0071590A"><w:rPr><w:rFonts w:ascii="Arial" w:eastAsia="Times New Roman" w:hAnsi="Arial" w:cs="Arial"/><w:color w:val="313131"/><w:sz w:val="21"/><w:szCs w:val="21"/></w:rPr><w:t xml:space="preserve"> MAC Address </w:t></w:r><w:r w:rsidRPr="0071590A"><w:rPr><w:rFonts w:ascii="Arial" w:eastAsia="Times New Roman" w:hAnsi="Arial" w:cs="Arial"/><w:color w:val="313131"/><w:sz w:val="21"/><w:szCs w:val="21"/><w:rtl/></w:rPr><w:t>המחובר אליו, הטבלה לרוב תראה כך</w:t></w:r><w:r w:rsidRPr="0071590A"><w:rPr><w:rFonts w:ascii="Arial" w:eastAsia="Times New Roman" w:hAnsi="Arial" w:cs="Arial"/><w:color w:val="313131"/><w:sz w:val="21"/><w:szCs w:val="21"/></w:rPr><w:t>:</w:t></w:r></w:p><w:p w:rsidR="0071590A" w:rsidRPr="0071590A" w:rsidRDefault="0071590A" w:rsidP="0071590A"><w:pPr><w:shd w:val="clear" w:color="auto" w:fill="FFFFFF"/><w:bidi w:val="0"/><w:spacing w:after="255" w:line="240" w:lineRule="auto"/><w:jc w:val="right"/><w:rPr><w:rFonts w:ascii="Arial" w:eastAsia="Times New Roman" w:hAnsi="Arial" w:cs="Arial"/><w:color w:val="313131"/><w:sz w:val="21"/><w:szCs w:val="21"/></w:rPr></w:pPr><w:r w:rsidRPr="0071590A"><w:rPr><w:rFonts w:ascii="Arial" w:eastAsia="Times New Roman" w:hAnsi="Arial" w:cs="Arial"/><w:color w:val="313131"/><w:sz w:val="21"/><w:szCs w:val="21"/><w:rtl/></w:rPr><w:t>הטבלה תכיל את כתובת ה</w:t></w:r><w:r w:rsidRPr="0071590A"><w:rPr><w:rFonts w:ascii="Arial" w:eastAsia="Times New Roman" w:hAnsi="Arial" w:cs="Arial"/><w:color w:val="313131"/><w:sz w:val="21"/><w:szCs w:val="21"/></w:rPr><w:t xml:space="preserve"> MAC Address </w:t></w:r><w:r w:rsidRPr="0071590A"><w:rPr><w:rFonts w:ascii="Arial" w:eastAsia="Times New Roman" w:hAnsi="Arial" w:cs="Arial"/><w:color w:val="313131"/><w:sz w:val="21"/><w:szCs w:val="21"/><w:rtl/></w:rPr><w:t xml:space="preserve">של כרטיס הרשת המחובר לפורט הרשום, דוגמה, לפורט 1 </w:t></w:r><w:proofErr w:type="spellStart"/><w:r w:rsidRPr="0071590A"><w:rPr><w:rFonts w:ascii="Arial" w:eastAsia="Times New Roman" w:hAnsi="Arial" w:cs="Arial"/><w:color w:val="313131"/><w:sz w:val="21"/><w:szCs w:val="21"/><w:rtl/></w:rPr><w:t>בסוויצ</w:t></w:r><w:proofErr w:type="spellEnd"/><w:r w:rsidRPr="0071590A"><w:rPr><w:rFonts w:ascii="Arial" w:eastAsia="Times New Roman" w:hAnsi="Arial" w:cs="Arial"/><w:color w:val="313131"/><w:sz w:val="21"/><w:szCs w:val="21"/><w:rtl/></w:rPr><w:t>’ מחובר כרטיס רשת עם ה</w:t></w:r><w:r w:rsidRPr="0071590A"><w:rPr><w:rFonts w:ascii="Arial" w:eastAsia="Times New Roman" w:hAnsi="Arial" w:cs="Arial"/><w:color w:val="313131"/><w:sz w:val="21"/><w:szCs w:val="21"/></w:rPr><w:t xml:space="preserve"> MAC Address </w:t></w:r><w:r w:rsidRPr="0071590A"><w:rPr><w:rFonts w:ascii="Arial" w:eastAsia="Times New Roman" w:hAnsi="Arial" w:cs="Arial"/><w:color w:val="313131"/><w:sz w:val="21"/><w:szCs w:val="21"/><w:rtl/></w:rPr><w:t>עם הכתובת 00-1</w:t></w:r><w:r w:rsidRPr="0071590A"><w:rPr><w:rFonts w:ascii="Arial" w:eastAsia="Times New Roman" w:hAnsi="Arial" w:cs="Arial"/><w:color w:val="313131"/><w:sz w:val="21"/><w:szCs w:val="21"/></w:rPr><w:t xml:space="preserve">M-78-90-5G-E6 </w:t></w:r><w:r w:rsidRPr="0071590A"><w:rPr><w:rFonts w:ascii="Arial" w:eastAsia="Times New Roman" w:hAnsi="Arial" w:cs="Arial"/><w:color w:val="313131"/><w:sz w:val="21"/><w:szCs w:val="21"/><w:rtl/></w:rPr><w:t>והאם הכתובת של ה</w:t></w:r><w:r w:rsidRPr="0071590A"><w:rPr><w:rFonts w:ascii="Arial" w:eastAsia="Times New Roman" w:hAnsi="Arial" w:cs="Arial"/><w:color w:val="313131"/><w:sz w:val="21"/><w:szCs w:val="21"/></w:rPr><w:t xml:space="preserve"> MAC </w:t></w:r><w:r w:rsidRPr="0071590A"><w:rPr><w:rFonts w:ascii="Arial" w:eastAsia="Times New Roman" w:hAnsi="Arial" w:cs="Arial"/><w:color w:val="313131"/><w:sz w:val="21"/><w:szCs w:val="21"/><w:rtl/></w:rPr><w:t xml:space="preserve">היא דינמית או סטטית (הוגדרה אוטומטית כאשר חיברו </w:t></w:r><w:proofErr w:type="spellStart"/><w:r w:rsidRPr="0071590A"><w:rPr><w:rFonts w:ascii="Arial" w:eastAsia="Times New Roman" w:hAnsi="Arial" w:cs="Arial"/><w:color w:val="313131"/><w:sz w:val="21"/><w:szCs w:val="21"/><w:rtl/></w:rPr><w:t>לסוויצ</w:t></w:r><w:proofErr w:type="spellEnd"/><w:r w:rsidRPr="0071590A"><w:rPr><w:rFonts w:ascii="Arial" w:eastAsia="Times New Roman" w:hAnsi="Arial" w:cs="Arial"/><w:color w:val="313131"/><w:sz w:val="21"/><w:szCs w:val="21"/><w:rtl/></w:rPr><w:t>’ את כרטיס הרשת הזה או שמנהל הרשת הגדיר ידנית את ה</w:t></w:r><w:r w:rsidRPr="0071590A"><w:rPr><w:rFonts w:ascii="Arial" w:eastAsia="Times New Roman" w:hAnsi="Arial" w:cs="Arial"/><w:color w:val="313131"/><w:sz w:val="21"/><w:szCs w:val="21"/></w:rPr><w:t xml:space="preserve"> MAC Address </w:t></w:r><w:r w:rsidRPr="0071590A"><w:rPr><w:rFonts w:ascii="Arial" w:eastAsia="Times New Roman" w:hAnsi="Arial" w:cs="Arial"/><w:color w:val="313131"/><w:sz w:val="21"/><w:szCs w:val="21"/><w:rtl/></w:rPr><w:t>לפני</w:t></w:r><w:r w:rsidRPr="0071590A"><w:rPr><w:rFonts w:ascii="Arial" w:eastAsia="Times New Roman" w:hAnsi="Arial" w:cs="Arial"/><w:color w:val="313131"/><w:sz w:val="21"/><w:szCs w:val="21"/></w:rPr><w:t>.</w:t></w:r></w:p><w:p w:rsidR="0071590A" w:rsidRPr="0071590A" w:rsidRDefault="0071590A" w:rsidP="0071590A"><w:pPr><w:shd w:val="clear" w:color="auto" w:fill="FFFFFF"/><w:bidi w:val="0"/><w:spacing w:after="0" w:line="240" w:lineRule="auto"/><w:jc w:val="right"/><w:rPr><w:rFonts w:ascii="Arial" w:eastAsia="Times New Roman" w:hAnsi="Arial" w:cs="Arial"/><w:color w:val="313131"/><w:sz w:val="21"/><w:szCs w:val="21"/></w:rPr></w:pPr><w:r w:rsidRPr="0071590A"><w:rPr><w:rFonts w:ascii="Arial" w:eastAsia="Times New Roman" w:hAnsi="Arial" w:cs="Arial"/><w:noProof/><w:color w:val="2196F3"/><w:sz w:val="21"/><w:szCs w:val="21"/></w:rPr><w:drawing><wp:inline distT="0" distB="0" distL="0" distR="0"><wp:extent cx="5274310" cy="2301240"/><wp:effectExtent l="0" t="0" r="2540" b="3810"/><wp:docPr id="4" name="תמונה 4" descr="CAM TABLE"><a:hlinkClick xmlns:a="http://schemas.openxmlformats.org/drawingml/2006/main" r:id="rId4"/></wp:docPr><wp:cNvGraphicFramePr><a:graphicFrameLocks xmlns:a="http://schemas.openxmlformats.org/drawingml/2006/main" noChangeAspect="1"/></wp:cNvGraphicFramePr><a:graphic xmlns:a="http://schemas.openxmlformats.org/drawingml/2006/main"><a:graphicData uri="http://schemas.openxmlformats.org/drawingml/2006/picture"><pic:pic xmlns:pic="http://schemas.openxmlformats.org/drawingml/2006/picture"><pic:nvPicPr><pic:cNvPr id="0" name="Picture 1" descr="CAM TABLE"><a:hlinkClick r:id="rId4"/></pic:cNvPr><pic:cNvPicPr><a:picLocks noChangeAspect="1" noChangeArrowheads="1"/></pic:cNvPicPr></pic:nvPicPr><pic:blipFill><a:blip r:embed="rId5"><a:extLst><a:ext uri="{28A0092B-C50C-407E-A947-70E740481C1C}"><a14:useLocalDpi xmlns:a14="http://schemas.microsoft.com/office/drawing/2010/main" val="0"/></a:ext></a:extLst></a:blip><a:srcRect/><a:stretch><a:fillRect/></a:stretch></pic:blipFill><pic:spPr bwMode="auto"><a:xfrm><a:off x="0" y="0"/><a:ext cx="5274310" cy="2301240"/></a:xfrm><a:prstGeom prst="rect"><a:avLst/></a:prstGeom><a:noFill/><a:ln><a:noFill/></a:ln></pic:spPr></pic:pic></a:graphicData></a:graphic></wp:inline></w:drawing></w:r></w:p><w:p w:rsidR="0071590A" w:rsidRPr="0071590A" w:rsidRDefault="0071590A" w:rsidP="0071590A"><w:pPr><w:shd w:val="clear" w:color="auto" w:fill="FFFFFF"/><w:bidi w:val="0"/><w:spacing w:line="240" w:lineRule="auto"/><w:jc w:val="right"/><w:rPr><w:rFonts w:ascii="Arial" w:eastAsia="Times New Roman" w:hAnsi="Arial" w:cs="Arial"/><w:i/><w:iCs/><w:color w:val="FFFFFF"/><w:sz w:val="21"/><w:szCs w:val="21"/></w:rPr></w:pPr><w:r w:rsidRPr="0071590A"><w:rPr><w:rFonts w:ascii="Arial" w:eastAsia="Times New Roman" w:hAnsi="Arial" w:cs="Arial"/><w:i/><w:iCs/><w:color w:val="FFFFFF"/><w:sz w:val="21"/><w:szCs w:val="21"/></w:rPr><w:t>CAM TABLE</w:t></w:r></w:p><w:p w:rsidR="0071590A" w:rsidRPr="0071590A" w:rsidRDefault="0071590A" w:rsidP="0071590A"><w:pPr><w:shd w:val="clear" w:color="auto" w:fill="FFFFFF"/><w:bidi w:val="0"/><w:spacing w:after="255" w:line="240" w:lineRule="auto"/><w:jc w:val="right"/><w:rPr><w:rFonts w:ascii="Arial" w:eastAsia="Times New Roman" w:hAnsi="Arial" w:cs="Arial"/><w:color w:val="313131"/><w:sz w:val="21"/><w:szCs w:val="21"/></w:rPr></w:pPr><w:r w:rsidRPr="0071590A"><w:rPr><w:rFonts w:ascii="Arial" w:eastAsia="Times New Roman" w:hAnsi="Arial" w:cs="Arial"/><w:color w:val="313131"/><w:sz w:val="21"/><w:szCs w:val="21"/><w:rtl/></w:rPr><w:t>השאלה הנשאלת היא כיצד הוא מוצא את הכתובות האלו? וזאת על ידי</w:t></w:r><w:r w:rsidRPr="0071590A"><w:rPr><w:rFonts w:ascii="Arial" w:eastAsia="Times New Roman" w:hAnsi="Arial" w:cs="Arial"/><w:color w:val="313131"/><w:sz w:val="21"/><w:szCs w:val="21"/></w:rPr><w:t xml:space="preserve"> ARP</w:t></w:r></w:p><w:p w:rsidR="0071590A" w:rsidRPr="0071590A" w:rsidRDefault="0071590A" w:rsidP="0071590A"><w:pPr><w:shd w:val="clear" w:color="auto" w:fill="FFFFFF"/><w:bidi w:val="0"/><w:spacing w:after="255" w:line="312" w:lineRule="atLeast"/><w:jc w:val="right"/><w:outlineLvl w:val="0"/><w:rPr><w:rFonts w:ascii="Arial" w:eastAsia="Times New Roman" w:hAnsi="Arial" w:cs="Arial"/><w:b/><w:bCs/><w:color w:val="313131"/><w:kern w:val="36"/><w:sz w:val="36"/><w:szCs w:val="36"/></w:rPr></w:pPr><w:r w:rsidRPr="0071590A"><w:rPr><w:rFonts w:ascii="Arial" w:eastAsia="Times New Roman" w:hAnsi="Arial" w:cs="Arial"/><w:b/><w:bCs/><w:color w:val="313131"/><w:kern w:val="36"/><w:sz w:val="36"/><w:szCs w:val="36"/></w:rPr><w:t>ARP</w:t></w:r></w:p><w:p w:rsidR="0071590A" w:rsidRPr="0071590A" w:rsidRDefault="0071590A" w:rsidP="0071590A"><w:pPr><w:shd w:val="clear" w:color="auto" w:fill="FFFFFF"/><w:bidi w:val="0"/><w:spacing w:after="255" w:line="312" w:lineRule="atLeast"/><w:jc w:val="right"/><w:outlineLvl w:val="1"/><w:rPr><w:rFonts w:ascii="Arial" w:eastAsia="Times New Roman" w:hAnsi="Arial" w:cs="Arial"/><w:b/><w:bCs/><w:color w:val="313131"/><w:sz w:val="33"/><w:szCs w:val="33"/><w:lang w:val="en"/></w:rPr></w:pPr><w:r w:rsidRPr="0071590A"><w:rPr><w:rFonts w:ascii="Arial" w:eastAsia="Times New Roman" w:hAnsi="Arial" w:cs="Arial"/><w:b/><w:bCs/><w:color w:val="313131"/><w:sz w:val="33"/><w:szCs w:val="33"/><w:lang w:val="en"/></w:rPr><w:t>Address Resolution Protocol</w:t></w:r></w:p><w:p w:rsidR="0071590A" w:rsidRPr="0071590A" w:rsidRDefault="0071590A" w:rsidP="0071590A"><w:pPr><w:shd w:val="clear" w:color="auto" w:fill="FFFFFF"/><w:bidi w:val="0"/><w:spacing w:after="255" w:line="240" w:lineRule="auto"/><w:jc w:val="right"/><w:rPr><w:rFonts w:ascii="Arial" w:eastAsia="Times New Roman" w:hAnsi="Arial" w:cs="Arial"/><w:color w:val="313131"/><w:sz w:val="21"/><w:szCs w:val="21"/></w:rPr></w:pPr><w:r w:rsidRPr="0071590A"><w:rPr><w:rFonts w:ascii="Arial" w:eastAsia="Times New Roman" w:hAnsi="Arial" w:cs="Arial"/><w:color w:val="313131"/><w:sz w:val="21"/><w:szCs w:val="21"/><w:rtl/></w:rPr><w:t>טבלת ה</w:t></w:r><w:r w:rsidRPr="0071590A"><w:rPr><w:rFonts w:ascii="Arial" w:eastAsia="Times New Roman" w:hAnsi="Arial" w:cs="Arial"/><w:color w:val="313131"/><w:sz w:val="21"/><w:szCs w:val="21"/></w:rPr><w:t xml:space="preserve"> ARP </w:t></w:r><w:r w:rsidRPr="0071590A"><w:rPr><w:rFonts w:ascii="Arial" w:eastAsia="Times New Roman" w:hAnsi="Arial" w:cs="Arial"/><w:color w:val="313131"/><w:sz w:val="21"/><w:szCs w:val="21"/><w:rtl/></w:rPr><w:t>מכילה בתוכה את כתובות ה</w:t></w:r><w:r w:rsidRPr="0071590A"><w:rPr><w:rFonts w:ascii="Arial" w:eastAsia="Times New Roman" w:hAnsi="Arial" w:cs="Arial"/><w:color w:val="313131"/><w:sz w:val="21"/><w:szCs w:val="21"/></w:rPr><w:t xml:space="preserve">MAC </w:t></w:r><w:r w:rsidRPr="0071590A"><w:rPr><w:rFonts w:ascii="Arial" w:eastAsia="Times New Roman" w:hAnsi="Arial" w:cs="Arial"/><w:color w:val="313131"/><w:sz w:val="21"/><w:szCs w:val="21"/><w:rtl/></w:rPr><w:t>ואת הכתובת</w:t></w:r><w:r w:rsidRPr="0071590A"><w:rPr><w:rFonts w:ascii="Arial" w:eastAsia="Times New Roman" w:hAnsi="Arial" w:cs="Arial"/><w:color w:val="313131"/><w:sz w:val="21"/><w:szCs w:val="21"/></w:rPr><w:t xml:space="preserve"> IP </w:t></w:r><w:r w:rsidRPr="0071590A"><w:rPr><w:rFonts w:ascii="Arial" w:eastAsia="Times New Roman" w:hAnsi="Arial" w:cs="Arial"/><w:color w:val="313131"/><w:sz w:val="21"/><w:szCs w:val="21"/><w:rtl/></w:rPr><w:t>של אותו המחשב</w:t></w:r><w:r w:rsidRPr="0071590A"><w:rPr><w:rFonts w:ascii="Arial" w:eastAsia="Times New Roman" w:hAnsi="Arial" w:cs="Arial"/><w:color w:val="313131"/><w:sz w:val="21"/><w:szCs w:val="21"/></w:rPr><w:t xml:space="preserve"> (</w:t></w:r><w:r w:rsidRPr="0071590A"><w:rPr><w:rFonts w:ascii="Arial" w:eastAsia="Times New Roman" w:hAnsi="Arial" w:cs="Arial"/><w:color w:val="313131"/><w:sz w:val="21"/><w:szCs w:val="21"/><w:rtl/></w:rPr><w:t>ראו למטה טבלת</w:t></w:r><w:r w:rsidRPr="0071590A"><w:rPr><w:rFonts w:ascii="Arial" w:eastAsia="Times New Roman" w:hAnsi="Arial" w:cs="Arial"/><w:color w:val="313131"/><w:sz w:val="21"/><w:szCs w:val="21"/></w:rPr><w:t xml:space="preserve"> ARP) </w:t></w:r><w:r w:rsidRPr="0071590A"><w:rPr><w:rFonts w:ascii="Arial" w:eastAsia="Times New Roman" w:hAnsi="Arial" w:cs="Arial"/><w:color w:val="313131"/><w:sz w:val="21"/><w:szCs w:val="21"/><w:rtl/></w:rPr><w:t>מטרתו של</w:t></w:r><w:r w:rsidRPr="0071590A"><w:rPr><w:rFonts w:ascii="Arial" w:eastAsia="Times New Roman" w:hAnsi="Arial" w:cs="Arial"/><w:color w:val="313131"/><w:sz w:val="21"/><w:szCs w:val="21"/></w:rPr><w:t xml:space="preserve"> ARP </w:t></w:r><w:r w:rsidRPr="0071590A"><w:rPr><w:rFonts w:ascii="Arial" w:eastAsia="Times New Roman" w:hAnsi="Arial" w:cs="Arial"/><w:color w:val="313131"/><w:sz w:val="21"/><w:szCs w:val="21"/><w:rtl/></w:rPr><w:t>הוא 1. לפענח כתובות</w:t></w:r><w:r w:rsidRPr="0071590A"><w:rPr><w:rFonts w:ascii="Arial" w:eastAsia="Times New Roman" w:hAnsi="Arial" w:cs="Arial"/><w:color w:val="313131"/><w:sz w:val="21"/><w:szCs w:val="21"/></w:rPr><w:t xml:space="preserve"> MAC </w:t></w:r><w:r w:rsidRPr="0071590A"><w:rPr><w:rFonts w:ascii="Arial" w:eastAsia="Times New Roman" w:hAnsi="Arial" w:cs="Arial"/><w:color w:val="313131"/><w:sz w:val="21"/><w:szCs w:val="21"/><w:rtl/></w:rPr><w:t>לכתובות</w:t></w:r><w:r w:rsidRPr="0071590A"><w:rPr><w:rFonts w:ascii="Arial" w:eastAsia="Times New Roman" w:hAnsi="Arial" w:cs="Arial"/><w:color w:val="313131"/><w:sz w:val="21"/><w:szCs w:val="21"/></w:rPr><w:t xml:space="preserve"> IP (</w:t></w:r><w:r w:rsidRPr="0071590A"><w:rPr><w:rFonts w:ascii="Arial" w:eastAsia="Times New Roman" w:hAnsi="Arial" w:cs="Arial"/><w:color w:val="313131"/><w:sz w:val="21"/><w:szCs w:val="21"/><w:rtl/></w:rPr><w:t>להשוות</w:t></w:r><w:r w:rsidRPr="0071590A"><w:rPr><w:rFonts w:ascii="Arial" w:eastAsia="Times New Roman" w:hAnsi="Arial" w:cs="Arial"/><w:color w:val="313131"/><w:sz w:val="21"/><w:szCs w:val="21"/></w:rPr><w:t xml:space="preserve">) MAC = AAA </w:t></w:r><w:r w:rsidRPr="0071590A"><w:rPr><w:rFonts w:ascii="Arial" w:eastAsia="Times New Roman" w:hAnsi="Arial" w:cs="Arial"/><w:color w:val="313131"/><w:sz w:val="21"/><w:szCs w:val="21"/><w:rtl/></w:rPr><w:t>הוא מצוות לכתובת ה</w:t></w:r><w:r w:rsidRPr="0071590A"><w:rPr><w:rFonts w:ascii="Arial" w:eastAsia="Times New Roman" w:hAnsi="Arial" w:cs="Arial"/><w:color w:val="313131"/><w:sz w:val="21"/><w:szCs w:val="21"/></w:rPr><w:t xml:space="preserve"> IP 192… </w:t></w:r><w:r w:rsidRPr="0071590A"><w:rPr><w:rFonts w:ascii="Arial" w:eastAsia="Times New Roman" w:hAnsi="Arial" w:cs="Arial"/><w:color w:val="313131"/><w:sz w:val="21"/><w:szCs w:val="21"/><w:rtl/></w:rPr><w:t>ואז על ידי טבלת ה ב</w:t></w:r><w:r w:rsidRPr="0071590A"><w:rPr><w:rFonts w:ascii="Arial" w:eastAsia="Times New Roman" w:hAnsi="Arial" w:cs="Arial"/><w:color w:val="313131"/><w:sz w:val="21"/><w:szCs w:val="21"/></w:rPr><w:t xml:space="preserve">CAM </w:t></w:r><w:r w:rsidRPr="0071590A"><w:rPr><w:rFonts w:ascii="Arial" w:eastAsia="Times New Roman" w:hAnsi="Arial" w:cs="Arial"/><w:color w:val="313131"/><w:sz w:val="21"/><w:szCs w:val="21"/><w:rtl/></w:rPr><w:t>הוא יודע איזה פורט הוא נמצא 2. הוא שומר על כך טבלה</w:t></w:r><w:r w:rsidRPr="0071590A"><w:rPr><w:rFonts w:ascii="Arial" w:eastAsia="Times New Roman" w:hAnsi="Arial" w:cs="Arial"/><w:color w:val="313131"/><w:sz w:val="21"/><w:szCs w:val="21"/></w:rPr><w:t>:</w:t></w:r></w:p><w:p w:rsidR="0071590A" w:rsidRPr="0071590A" w:rsidRDefault="0071590A" w:rsidP="0071590A"><w:pPr><w:shd w:val="clear" w:color="auto" w:fill="FFFFFF"/><w:bidi w:val="0"/><w:spacing w:after="0" w:line="240" w:lineRule="auto"/><w:jc w:val="right"/><w:rPr><w:rFonts w:ascii="Arial" w:eastAsia="Times New Roman" w:hAnsi="Arial" w:cs="Arial"/><w:color w:val="313131"/><w:sz w:val="21"/><w:szCs w:val="21"/></w:rPr></w:pPr><w:r w:rsidRPr="0071590A"><w:rPr><w:rFonts w:ascii="Arial" w:eastAsia="Times New Roman" w:hAnsi="Arial" w:cs="Arial"/><w:noProof/><w:color w:val="2196F3"/><w:sz w:val="21"/><w:szCs w:val="21"/></w:rPr><w:drawing><wp:inline distT="0" distB="0" distL="0" distR="0"><wp:extent cx="5274310" cy="946785"/><wp:effectExtent l="0" t="0" r="2540" b="5715"/><wp:docPr id="3" name="תמונה 3" descr="Arp Table"><a:hlinkClick xmlns:a="http://schemas.openxmlformats.org/drawingml/2006/main" r:id="rId6"/></wp:docPr><wp:cNvGraphicFramePr><a:graphicFrameLocks xmlns:a="http://schemas.openxmlformats.org/drawingml/2006/main" noChangeAspect="1"/></wp:cNvGraphicFramePr><a:graphic xmlns:a="http://schemas.openxmlformats.org/drawingml/2006/main"><a:graphicData uri="http://schemas.openxmlformats.org/drawingml/2006/picture"><pic:pic xmlns:pic="http://schemas.openxmlformats.org/drawingml/2006/picture"><pic:nvPicPr><pic:cNvPr id="0" name="Picture 2" descr="Arp Table"><a:hlinkClick r:id="rId6"/></pic:cNvPr><pic:cNvPicPr><a:picLocks noChangeAspect="1" noChangeArrowheads="1"/></pic:cNvPicPr></pic:nvPicPr><pic:blipFill><a:blip r:embed="rId7"><a:extLst><a:ext uri="{28A0092B-C50C-407E-A947-70E740481C1C}"><a14:useLocalDpi xmlns:a14="http://schemas.microsoft.com/office/drawing/2010/main" val="0"/></a:ext></a:extLst></a:blip><a:srcRect/><a:stretch><a:fillRect/></a:stretch></pic:blipFill><pic:spPr bwMode="auto"><a:xfrm><a:off x="0" y="0"/><a:ext cx="5274310" cy="946785"/></a:xfrm><a:prstGeom prst="rect"><a:avLst/></a:prstGeom><a:noFill/><a:ln><a:noFill/></a:ln></pic:spPr></pic:pic></a:graphicData></a:graphic></wp:inline></w:drawing></w:r></w:p><w:p w:rsidR="0071590A" w:rsidRPr="0071590A" w:rsidRDefault="0071590A" w:rsidP="0071590A"><w:pPr><w:shd w:val="clear" w:color="auto" w:fill="FFFFFF"/><w:bidi w:val="0"/><w:spacing w:after="255" w:line="240" w:lineRule="auto"/><w:jc w:val="right"/><w:rPr><w:rFonts w:ascii="Arial" w:eastAsia="Times New Roman" w:hAnsi="Arial" w:cs="Arial"/><w:color w:val="313131"/><w:sz w:val="21"/><w:szCs w:val="21"/></w:rPr></w:pPr><w:r w:rsidRPr="0071590A"><w:rPr><w:rFonts w:ascii="Arial" w:eastAsia="Times New Roman" w:hAnsi="Arial" w:cs="Arial"/><w:color w:val="313131"/><w:sz w:val="21"/><w:szCs w:val="21"/></w:rPr><w:t> </w:t></w:r></w:p><w:p w:rsidR="0071590A" w:rsidRPr="0071590A" w:rsidRDefault="0071590A" w:rsidP="0071590A"><w:pPr><w:shd w:val="clear" w:color="auto" w:fill="FFFFFF"/><w:bidi w:val="0"/><w:spacing w:after="0" w:line="240" w:lineRule="auto"/><w:jc w:val="right"/><w:rPr><w:rFonts w:ascii="Arial" w:eastAsia="Times New Roman" w:hAnsi="Arial" w:cs="Arial"/><w:color w:val="313131"/><w:sz w:val="21"/><w:szCs w:val="21"/></w:rPr></w:pPr><w:r w:rsidRPr="0071590A"><w:rPr><w:rFonts w:ascii="Arial" w:eastAsia="Times New Roman" w:hAnsi="Arial" w:cs="Arial"/><w:color w:val="313131"/><w:sz w:val="21"/><w:szCs w:val="21"/><w:rtl/></w:rPr><w:t xml:space="preserve">כאשר המחשב מעוניין לשלוח חבילה </w:t></w:r><w:proofErr w:type="spellStart"/><w:r w:rsidRPr="0071590A"><w:rPr><w:rFonts w:ascii="Arial" w:eastAsia="Times New Roman" w:hAnsi="Arial" w:cs="Arial"/><w:color w:val="313131"/><w:sz w:val="21"/><w:szCs w:val="21"/><w:rtl/></w:rPr><w:t>מסוימית</w:t></w:r><w:proofErr w:type="spellEnd"/><w:r w:rsidRPr="0071590A"><w:rPr><w:rFonts w:ascii="Arial" w:eastAsia="Times New Roman" w:hAnsi="Arial" w:cs="Arial"/><w:color w:val="313131"/><w:sz w:val="21"/><w:szCs w:val="21"/><w:rtl/></w:rPr><w:t xml:space="preserve"> הוא יודע את ה</w:t></w:r><w:r w:rsidRPr="0071590A"><w:rPr><w:rFonts w:ascii="Arial" w:eastAsia="Times New Roman" w:hAnsi="Arial" w:cs="Arial"/><w:color w:val="313131"/><w:sz w:val="21"/><w:szCs w:val="21"/></w:rPr><w:t xml:space="preserve"> IP </w:t></w:r><w:r w:rsidRPr="0071590A"><w:rPr><w:rFonts w:ascii="Arial" w:eastAsia="Times New Roman" w:hAnsi="Arial" w:cs="Arial"/><w:color w:val="313131"/><w:sz w:val="21"/><w:szCs w:val="21"/><w:rtl/></w:rPr><w:t>אבל לא את ה</w:t></w:r><w:r w:rsidRPr="0071590A"><w:rPr><w:rFonts w:ascii="Arial" w:eastAsia="Times New Roman" w:hAnsi="Arial" w:cs="Arial"/><w:color w:val="313131"/><w:sz w:val="21"/><w:szCs w:val="21"/></w:rPr><w:t xml:space="preserve">MAC </w:t></w:r><w:r w:rsidRPr="0071590A"><w:rPr><w:rFonts w:ascii="Arial" w:eastAsia="Times New Roman" w:hAnsi="Arial" w:cs="Arial"/><w:color w:val="313131"/><w:sz w:val="21"/><w:szCs w:val="21"/><w:rtl/></w:rPr><w:t>על ידי</w:t></w:r><w:r w:rsidRPr="0071590A"><w:rPr><w:rFonts w:ascii="Arial" w:eastAsia="Times New Roman" w:hAnsi="Arial" w:cs="Arial"/><w:color w:val="313131"/><w:sz w:val="21"/><w:szCs w:val="21"/></w:rPr><w:t xml:space="preserve"> ARP </w:t></w:r><w:r w:rsidRPr="0071590A"><w:rPr><w:rFonts w:ascii="Arial" w:eastAsia="Times New Roman" w:hAnsi="Arial" w:cs="Arial"/><w:color w:val="313131"/><w:sz w:val="21"/><w:szCs w:val="21"/><w:rtl/></w:rPr><w:t>הוא יודע! טבלה זו מאוחסנת ב</w:t></w:r><w:r w:rsidRPr="0071590A"><w:rPr><w:rFonts w:ascii="Arial" w:eastAsia="Times New Roman" w:hAnsi="Arial" w:cs="Arial"/><w:color w:val="313131"/><w:sz w:val="21"/><w:szCs w:val="21"/></w:rPr><w:t xml:space="preserve">RAM </w:t></w:r><w:r w:rsidRPr="0071590A"><w:rPr><w:rFonts w:ascii="Arial" w:eastAsia="Times New Roman" w:hAnsi="Arial" w:cs="Arial"/><w:color w:val="313131"/><w:sz w:val="21"/><w:szCs w:val="21"/><w:rtl/></w:rPr><w:t>של אותו המחשב או של אותו הרכיב</w:t></w:r><w:r w:rsidRPr="0071590A"><w:rPr><w:rFonts w:ascii="Arial" w:eastAsia="Times New Roman" w:hAnsi="Arial" w:cs="Arial"/><w:color w:val="313131"/><w:sz w:val="21"/><w:szCs w:val="21"/></w:rPr><w:t>.</w:t></w:r><w:r w:rsidRPr="0071590A"><w:rPr><w:rFonts w:ascii="Arial" w:eastAsia="Times New Roman" w:hAnsi="Arial" w:cs="Arial"/><w:color w:val="313131"/><w:sz w:val="21"/><w:szCs w:val="21"/></w:rPr><w:br/></w:r><w:r w:rsidRPr="0071590A"><w:rPr><w:rFonts w:ascii="Arial" w:eastAsia="Times New Roman" w:hAnsi="Arial" w:cs="Arial"/><w:color w:val="313131"/><w:sz w:val="21"/><w:szCs w:val="21"/><w:rtl/></w:rPr><w:t>כאשר מבוצע</w:t></w:r><w:r w:rsidRPr="0071590A"><w:rPr><w:rFonts w:ascii="Arial" w:eastAsia="Times New Roman" w:hAnsi="Arial" w:cs="Arial"/><w:color w:val="313131"/><w:sz w:val="21"/><w:szCs w:val="21"/></w:rPr><w:t xml:space="preserve"> Encapsulation </w:t></w:r><w:r w:rsidRPr="0071590A"><w:rPr><w:rFonts w:ascii="Arial" w:eastAsia="Times New Roman" w:hAnsi="Arial" w:cs="Arial"/><w:color w:val="313131"/><w:sz w:val="21"/><w:szCs w:val="21"/><w:rtl/></w:rPr><w:t>ברמת</w:t></w:r><w:r w:rsidRPr="0071590A"><w:rPr><w:rFonts w:ascii="Arial" w:eastAsia="Times New Roman" w:hAnsi="Arial" w:cs="Arial"/><w:color w:val="313131"/><w:sz w:val="21"/><w:szCs w:val="21"/></w:rPr><w:t xml:space="preserve"> Layer 2 </w:t></w:r><w:r w:rsidRPr="0071590A"><w:rPr><w:rFonts w:ascii="Arial" w:eastAsia="Times New Roman" w:hAnsi="Arial" w:cs="Arial"/><w:color w:val="313131"/><w:sz w:val="21"/><w:szCs w:val="21"/><w:rtl/></w:rPr><w:t>ואז ל</w:t></w:r><w:r w:rsidRPr="0071590A"><w:rPr><w:rFonts w:ascii="Arial" w:eastAsia="Times New Roman" w:hAnsi="Arial" w:cs="Arial"/><w:color w:val="313131"/><w:sz w:val="21"/><w:szCs w:val="21"/></w:rPr><w:t xml:space="preserve"> Frame </w:t></w:r><w:r w:rsidRPr="0071590A"><w:rPr><w:rFonts w:ascii="Arial" w:eastAsia="Times New Roman" w:hAnsi="Arial" w:cs="Arial"/><w:color w:val="313131"/><w:sz w:val="21"/><w:szCs w:val="21"/><w:rtl/></w:rPr><w:t>בשלב זה בדיוק הוא צריך את כתובת ה</w:t></w:r><w:r w:rsidRPr="0071590A"><w:rPr><w:rFonts w:ascii="Arial" w:eastAsia="Times New Roman" w:hAnsi="Arial" w:cs="Arial"/><w:color w:val="313131"/><w:sz w:val="21"/><w:szCs w:val="21"/></w:rPr><w:t xml:space="preserve"> IP </w:t></w:r><w:r w:rsidRPr="0071590A"><w:rPr><w:rFonts w:ascii="Arial" w:eastAsia="Times New Roman" w:hAnsi="Arial" w:cs="Arial"/><w:color w:val="313131"/><w:sz w:val="21"/><w:szCs w:val="21"/><w:rtl/></w:rPr><w:t xml:space="preserve">של המחשב </w:t></w:r><w:proofErr w:type="spellStart"/><w:r w:rsidRPr="0071590A"><w:rPr><w:rFonts w:ascii="Arial" w:eastAsia="Times New Roman" w:hAnsi="Arial" w:cs="Arial"/><w:color w:val="313131"/><w:sz w:val="21"/><w:szCs w:val="21"/><w:rtl/></w:rPr><w:t>וה</w:t></w:r><w:proofErr w:type="spellEnd"/><w:r w:rsidRPr="0071590A"><w:rPr><w:rFonts w:ascii="Arial" w:eastAsia="Times New Roman" w:hAnsi="Arial" w:cs="Arial"/><w:color w:val="313131"/><w:sz w:val="21"/><w:szCs w:val="21"/></w:rPr><w:t xml:space="preserve"> MAC </w:t></w:r><w:r w:rsidRPr="0071590A"><w:rPr><w:rFonts w:ascii="Arial" w:eastAsia="Times New Roman" w:hAnsi="Arial" w:cs="Arial"/><w:color w:val="313131"/><w:sz w:val="21"/><w:szCs w:val="21"/><w:rtl/></w:rPr><w:t>שלו</w:t></w:r><w:r w:rsidRPr="0071590A"><w:rPr><w:rFonts w:ascii="Arial" w:eastAsia="Times New Roman" w:hAnsi="Arial" w:cs="Arial"/><w:color w:val="313131"/><w:sz w:val="21"/><w:szCs w:val="21"/></w:rPr><w:t>.</w:t></w:r></w:p><w:p w:rsidR="0071590A" w:rsidRPr="0071590A" w:rsidRDefault="0071590A" w:rsidP="0071590A"><w:pPr><w:shd w:val="clear" w:color="auto" w:fill="FFFFFF"/><w:bidi w:val="0"/><w:spacing w:after="0" w:line="240" w:lineRule="auto"/><w:jc w:val="right"/><w:rPr><w:rFonts w:ascii="Arial" w:eastAsia="Times New Roman" w:hAnsi="Arial" w:cs="Arial"/><w:color w:val="313131"/><w:sz w:val="21"/><w:szCs w:val="21"/></w:rPr></w:pPr><w:r w:rsidRPr="0071590A"><w:rPr><w:rFonts w:ascii="Arial" w:eastAsia="Times New Roman" w:hAnsi="Arial" w:cs="Arial"/><w:color w:val="000000"/><w:sz w:val="21"/><w:szCs w:val="21"/><w:rtl/></w:rPr><w:lastRenderedPageBreak/><w:t>אפשר לראות</w:t></w:r><w:r w:rsidRPr="0071590A"><w:rPr><w:rFonts w:ascii="Arial" w:eastAsia="Times New Roman" w:hAnsi="Arial" w:cs="Arial"/><w:color w:val="000000"/><w:sz w:val="21"/><w:szCs w:val="21"/></w:rPr><w:t xml:space="preserve"> ARP </w:t></w:r><w:r w:rsidRPr="0071590A"><w:rPr><w:rFonts w:ascii="Arial" w:eastAsia="Times New Roman" w:hAnsi="Arial" w:cs="Arial"/><w:color w:val="000000"/><w:sz w:val="21"/><w:szCs w:val="21"/><w:rtl/></w:rPr><w:t>כך, המחשב  “צועק” האם מישהו מכיר את 192.168.1.30 ? ושולח את ה</w:t></w:r><w:r w:rsidRPr="0071590A"><w:rPr><w:rFonts w:ascii="Arial" w:eastAsia="Times New Roman" w:hAnsi="Arial" w:cs="Arial"/><w:color w:val="000000"/><w:sz w:val="21"/><w:szCs w:val="21"/></w:rPr><w:t xml:space="preserve">ARP </w:t></w:r><w:r w:rsidRPr="0071590A"><w:rPr><w:rFonts w:ascii="Arial" w:eastAsia="Times New Roman" w:hAnsi="Arial" w:cs="Arial"/><w:color w:val="000000"/><w:sz w:val="21"/><w:szCs w:val="21"/><w:rtl/></w:rPr><w:t>כ</w:t></w:r><w:r w:rsidRPr="0071590A"><w:rPr><w:rFonts w:ascii="Arial" w:eastAsia="Times New Roman" w:hAnsi="Arial" w:cs="Arial"/><w:color w:val="000000"/><w:sz w:val="21"/><w:szCs w:val="21"/></w:rPr><w:t xml:space="preserve">Broadcast </w:t></w:r><w:r w:rsidRPr="0071590A"><w:rPr><w:rFonts w:ascii="Arial" w:eastAsia="Times New Roman" w:hAnsi="Arial" w:cs="Arial"/><w:color w:val="000000"/><w:sz w:val="21"/><w:szCs w:val="21"/><w:rtl/></w:rPr><w:t>אותו</w:t></w:r><w:r w:rsidRPr="0071590A"><w:rPr><w:rFonts w:ascii="Arial" w:eastAsia="Times New Roman" w:hAnsi="Arial" w:cs="Arial"/><w:color w:val="000000"/><w:sz w:val="21"/><w:szCs w:val="21"/></w:rPr><w:t xml:space="preserve"> Broadcast </w:t></w:r><w:r w:rsidRPr="0071590A"><w:rPr><w:rFonts w:ascii="Arial" w:eastAsia="Times New Roman" w:hAnsi="Arial" w:cs="Arial"/><w:color w:val="000000"/><w:sz w:val="21"/><w:szCs w:val="21"/><w:rtl/></w:rPr><w:t xml:space="preserve">מגיע לכל המחשבים </w:t></w:r><w:proofErr w:type="spellStart"/><w:r w:rsidRPr="0071590A"><w:rPr><w:rFonts w:ascii="Arial" w:eastAsia="Times New Roman" w:hAnsi="Arial" w:cs="Arial"/><w:color w:val="000000"/><w:sz w:val="21"/><w:szCs w:val="21"/><w:rtl/></w:rPr><w:t>בסוויצ</w:t></w:r><w:proofErr w:type="spellEnd"/><w:r w:rsidRPr="0071590A"><w:rPr><w:rFonts w:ascii="Arial" w:eastAsia="Times New Roman" w:hAnsi="Arial" w:cs="Arial"/><w:color w:val="000000"/><w:sz w:val="21"/><w:szCs w:val="21"/><w:rtl/></w:rPr><w:t>’ כל המחשבים מקבלים את ה</w:t></w:r><w:r w:rsidRPr="0071590A"><w:rPr><w:rFonts w:ascii="Arial" w:eastAsia="Times New Roman" w:hAnsi="Arial" w:cs="Arial"/><w:color w:val="000000"/><w:sz w:val="21"/><w:szCs w:val="21"/></w:rPr><w:t xml:space="preserve">ARP </w:t></w:r><w:r w:rsidRPr="0071590A"><w:rPr><w:rFonts w:ascii="Arial" w:eastAsia="Times New Roman" w:hAnsi="Arial" w:cs="Arial"/><w:color w:val="000000"/><w:sz w:val="21"/><w:szCs w:val="21"/><w:rtl/></w:rPr><w:t>כל אלו שזה לא הם מפילים את ה</w:t></w:r><w:r w:rsidRPr="0071590A"><w:rPr><w:rFonts w:ascii="Arial" w:eastAsia="Times New Roman" w:hAnsi="Arial" w:cs="Arial"/><w:color w:val="000000"/><w:sz w:val="21"/><w:szCs w:val="21"/></w:rPr><w:t xml:space="preserve"> ARP </w:t></w:r><w:r w:rsidRPr="0071590A"><w:rPr><w:rFonts w:ascii="Arial" w:eastAsia="Times New Roman" w:hAnsi="Arial" w:cs="Arial"/><w:color w:val="000000"/><w:sz w:val="21"/><w:szCs w:val="21"/><w:rtl/></w:rPr><w:t>ואילו זה שהוא הכתובת שאליו שאל המחשב האם אתם מכירים את 192.168.1.30 עונה , כן זה אני! הכן זה אני זה אומר שאותו מחשב ישלח</w:t></w:r><w:r w:rsidRPr="0071590A"><w:rPr><w:rFonts w:ascii="Arial" w:eastAsia="Times New Roman" w:hAnsi="Arial" w:cs="Arial"/><w:color w:val="000000"/><w:sz w:val="21"/><w:szCs w:val="21"/></w:rPr><w:t xml:space="preserve"> ARP </w:t></w:r><w:r w:rsidRPr="0071590A"><w:rPr><w:rFonts w:ascii="Arial" w:eastAsia="Times New Roman" w:hAnsi="Arial" w:cs="Arial"/><w:color w:val="000000"/><w:sz w:val="21"/><w:szCs w:val="21"/><w:rtl/></w:rPr><w:t>חזרה אל אותו המחשב עם כתובת ה</w:t></w:r><w:r w:rsidRPr="0071590A"><w:rPr><w:rFonts w:ascii="Arial" w:eastAsia="Times New Roman" w:hAnsi="Arial" w:cs="Arial"/><w:color w:val="000000"/><w:sz w:val="21"/><w:szCs w:val="21"/></w:rPr><w:t xml:space="preserve"> MAC </w:t></w:r><w:r w:rsidRPr="0071590A"><w:rPr><w:rFonts w:ascii="Arial" w:eastAsia="Times New Roman" w:hAnsi="Arial" w:cs="Arial"/><w:color w:val="000000"/><w:sz w:val="21"/><w:szCs w:val="21"/><w:rtl/></w:rPr><w:t>שלו</w:t></w:r><w:r w:rsidRPr="0071590A"><w:rPr><w:rFonts w:ascii="Arial" w:eastAsia="Times New Roman" w:hAnsi="Arial" w:cs="Arial"/><w:color w:val="000000"/><w:sz w:val="21"/><w:szCs w:val="21"/></w:rPr><w:t>.</w:t></w:r></w:p><w:p w:rsidR="0071590A" w:rsidRPr="0071590A" w:rsidRDefault="0071590A" w:rsidP="0071590A"><w:pPr><w:shd w:val="clear" w:color="auto" w:fill="FFFFFF"/><w:bidi w:val="0"/><w:spacing w:after="0" w:line="240" w:lineRule="auto"/><w:jc w:val="right"/><w:rPr><w:rFonts w:ascii="Arial" w:eastAsia="Times New Roman" w:hAnsi="Arial" w:cs="Arial"/><w:color w:val="313131"/><w:sz w:val="21"/><w:szCs w:val="21"/></w:rPr></w:pPr><w:r w:rsidRPr="0071590A"><w:rPr><w:rFonts w:ascii="Arial" w:eastAsia="Times New Roman" w:hAnsi="Arial" w:cs="Arial"/><w:color w:val="000000"/><w:sz w:val="21"/><w:szCs w:val="21"/><w:rtl/></w:rPr><w:t xml:space="preserve">אך זה נראה מבחינת </w:t></w:r><w:proofErr w:type="spellStart"/><w:r w:rsidRPr="0071590A"><w:rPr><w:rFonts w:ascii="Arial" w:eastAsia="Times New Roman" w:hAnsi="Arial" w:cs="Arial"/><w:color w:val="000000"/><w:sz w:val="21"/><w:szCs w:val="21"/><w:rtl/></w:rPr><w:t>הסוויצ</w:t></w:r><w:proofErr w:type="spellEnd"/><w:r w:rsidRPr="0071590A"><w:rPr><w:rFonts w:ascii="Arial" w:eastAsia="Times New Roman" w:hAnsi="Arial" w:cs="Arial"/><w:color w:val="000000"/><w:sz w:val="21"/><w:szCs w:val="21"/><w:rtl/></w:rPr><w:t>’? כך: המחשב שולח בכתובת  (192.168.1.255) כתובת ה</w:t></w:r><w:r w:rsidRPr="0071590A"><w:rPr><w:rFonts w:ascii="Arial" w:eastAsia="Times New Roman" w:hAnsi="Arial" w:cs="Arial"/><w:color w:val="000000"/><w:sz w:val="21"/><w:szCs w:val="21"/></w:rPr><w:t xml:space="preserve"> Broadcast </w:t></w:r><w:r w:rsidRPr="0071590A"><w:rPr><w:rFonts w:ascii="Arial" w:eastAsia="Times New Roman" w:hAnsi="Arial" w:cs="Arial"/><w:color w:val="000000"/><w:sz w:val="21"/><w:szCs w:val="21"/><w:rtl/></w:rPr><w:t>שתכיל את ה</w:t></w:r><w:r w:rsidRPr="0071590A"><w:rPr><w:rFonts w:ascii="Arial" w:eastAsia="Times New Roman" w:hAnsi="Arial" w:cs="Arial"/><w:color w:val="000000"/><w:sz w:val="21"/><w:szCs w:val="21"/></w:rPr><w:t xml:space="preserve">Source Mac </w:t></w:r><w:r w:rsidRPr="0071590A"><w:rPr><w:rFonts w:ascii="Arial" w:eastAsia="Times New Roman" w:hAnsi="Arial" w:cs="Arial"/><w:color w:val="000000"/><w:sz w:val="21"/><w:szCs w:val="21"/><w:rtl/></w:rPr><w:t>שלו ואת היעד שהוא</w:t></w:r><w:r w:rsidRPr="0071590A"><w:rPr><w:rFonts w:ascii="Arial" w:eastAsia="Times New Roman" w:hAnsi="Arial" w:cs="Arial"/><w:color w:val="000000"/><w:sz w:val="21"/><w:szCs w:val="21"/></w:rPr><w:t>   FF:FF:FF:FF:FF:FF (</w:t></w:r><w:r w:rsidRPr="0071590A"><w:rPr><w:rFonts w:ascii="Arial" w:eastAsia="Times New Roman" w:hAnsi="Arial" w:cs="Arial"/><w:color w:val="000000"/><w:sz w:val="21"/><w:szCs w:val="21"/><w:rtl/></w:rPr><w:t>באמת</w:t></w:r><w:r w:rsidRPr="0071590A"><w:rPr><w:rFonts w:ascii="Arial" w:eastAsia="Times New Roman" w:hAnsi="Arial" w:cs="Arial"/><w:color w:val="000000"/><w:sz w:val="21"/><w:szCs w:val="21"/></w:rPr><w:t xml:space="preserve"> FF:FF …) </w:t></w:r><w:r w:rsidRPr="0071590A"><w:rPr><w:rFonts w:ascii="Arial" w:eastAsia="Times New Roman" w:hAnsi="Arial" w:cs="Arial"/><w:color w:val="000000"/><w:sz w:val="21"/><w:szCs w:val="21"/><w:rtl/></w:rPr><w:t>ובה הוא “צועק” האם אתם יודעים את ה</w:t></w:r><w:r w:rsidRPr="0071590A"><w:rPr><w:rFonts w:ascii="Arial" w:eastAsia="Times New Roman" w:hAnsi="Arial" w:cs="Arial"/><w:color w:val="000000"/><w:sz w:val="21"/><w:szCs w:val="21"/></w:rPr><w:t xml:space="preserve"> MAC Address </w:t></w:r><w:r w:rsidRPr="0071590A"><w:rPr><w:rFonts w:ascii="Arial" w:eastAsia="Times New Roman" w:hAnsi="Arial" w:cs="Arial"/><w:color w:val="000000"/><w:sz w:val="21"/><w:szCs w:val="21"/><w:rtl/></w:rPr><w:t xml:space="preserve">של הכתובת 192.168.1.30 ? ואותו מחשב אם קיים מגיב לו כן אני זה 192.168.1.30 </w:t></w:r><w:proofErr w:type="spellStart"/><w:r w:rsidRPr="0071590A"><w:rPr><w:rFonts w:ascii="Arial" w:eastAsia="Times New Roman" w:hAnsi="Arial" w:cs="Arial"/><w:color w:val="000000"/><w:sz w:val="21"/><w:szCs w:val="21"/><w:rtl/></w:rPr><w:t>וה</w:t></w:r><w:proofErr w:type="spellEnd"/><w:r w:rsidRPr="0071590A"><w:rPr><w:rFonts w:ascii="Arial" w:eastAsia="Times New Roman" w:hAnsi="Arial" w:cs="Arial"/><w:color w:val="000000"/><w:sz w:val="21"/><w:szCs w:val="21"/></w:rPr><w:t xml:space="preserve">MAC Address </w:t></w:r><w:r w:rsidRPr="0071590A"><w:rPr><w:rFonts w:ascii="Arial" w:eastAsia="Times New Roman" w:hAnsi="Arial" w:cs="Arial"/><w:color w:val="000000"/><w:sz w:val="21"/><w:szCs w:val="21"/><w:rtl/></w:rPr><w:t>שלי הוא</w:t></w:r><w:r w:rsidRPr="0071590A"><w:rPr><w:rFonts w:ascii="Arial" w:eastAsia="Times New Roman" w:hAnsi="Arial" w:cs="Arial"/><w:color w:val="000000"/><w:sz w:val="21"/><w:szCs w:val="21"/></w:rPr><w:t xml:space="preserve"> CC:CC:CC:CC:CC:CC.</w:t></w:r></w:p><w:p w:rsidR="0071590A" w:rsidRPr="0071590A" w:rsidRDefault="0071590A" w:rsidP="0071590A"><w:pPr><w:shd w:val="clear" w:color="auto" w:fill="FFFFFF"/><w:bidi w:val="0"/><w:spacing w:after="255" w:line="312" w:lineRule="atLeast"/><w:jc w:val="right"/><w:outlineLvl w:val="1"/><w:rPr><w:rFonts w:ascii="Arial" w:eastAsia="Times New Roman" w:hAnsi="Arial" w:cs="Arial"/><w:b/><w:bCs/><w:color w:val="313131"/><w:sz w:val="33"/><w:szCs w:val="33"/></w:rPr></w:pPr><w:r w:rsidRPr="0071590A"><w:rPr><w:rFonts w:ascii="Arial" w:eastAsia="Times New Roman" w:hAnsi="Arial" w:cs="Arial"/><w:b/><w:bCs/><w:color w:val="313131"/><w:sz w:val="33"/><w:szCs w:val="33"/><w:rtl/></w:rPr><w:t>מה קורה כאשר כתובת ה</w:t></w:r><w:r w:rsidRPr="0071590A"><w:rPr><w:rFonts w:ascii="Arial" w:eastAsia="Times New Roman" w:hAnsi="Arial" w:cs="Arial"/><w:b/><w:bCs/><w:color w:val="313131"/><w:sz w:val="33"/><w:szCs w:val="33"/></w:rPr><w:t xml:space="preserve"> IP </w:t></w:r><w:r w:rsidRPr="0071590A"><w:rPr><w:rFonts w:ascii="Arial" w:eastAsia="Times New Roman" w:hAnsi="Arial" w:cs="Arial"/><w:b/><w:bCs/><w:color w:val="313131"/><w:sz w:val="33"/><w:szCs w:val="33"/><w:rtl/></w:rPr><w:t>של ה</w:t></w:r><w:r w:rsidRPr="0071590A"><w:rPr><w:rFonts w:ascii="Arial" w:eastAsia="Times New Roman" w:hAnsi="Arial" w:cs="Arial"/><w:b/><w:bCs/><w:color w:val="313131"/><w:sz w:val="33"/><w:szCs w:val="33"/></w:rPr><w:t xml:space="preserve">Destination </w:t></w:r><w:r w:rsidRPr="0071590A"><w:rPr><w:rFonts w:ascii="Arial" w:eastAsia="Times New Roman" w:hAnsi="Arial" w:cs="Arial"/><w:b/><w:bCs/><w:color w:val="313131"/><w:sz w:val="33"/><w:szCs w:val="33"/><w:rtl/></w:rPr><w:t>לא נמצא באותה הרשת</w:t></w:r><w:r w:rsidRPr="0071590A"><w:rPr><w:rFonts w:ascii="Arial" w:eastAsia="Times New Roman" w:hAnsi="Arial" w:cs="Arial"/><w:b/><w:bCs/><w:color w:val="313131"/><w:sz w:val="33"/><w:szCs w:val="33"/></w:rPr><w:t>?!</w:t></w:r></w:p><w:p w:rsidR="0071590A" w:rsidRPr="0071590A" w:rsidRDefault="0071590A" w:rsidP="0071590A"><w:pPr><w:shd w:val="clear" w:color="auto" w:fill="FFFFFF"/><w:bidi w:val="0"/><w:spacing w:after="255" w:line="240" w:lineRule="auto"/><w:jc w:val="right"/><w:rPr><w:rFonts w:ascii="Arial" w:eastAsia="Times New Roman" w:hAnsi="Arial" w:cs="Arial"/><w:color w:val="313131"/><w:sz w:val="21"/><w:szCs w:val="21"/></w:rPr></w:pPr><w:r w:rsidRPr="0071590A"><w:rPr><w:rFonts w:ascii="Arial" w:eastAsia="Times New Roman" w:hAnsi="Arial" w:cs="Arial"/><w:color w:val="313131"/><w:sz w:val="21"/><w:szCs w:val="21"/><w:rtl/></w:rPr><w:t>לא שאלתם שאלה מעניינת מאוד… מה קורה כאשר ה</w:t></w:r><w:r w:rsidRPr="0071590A"><w:rPr><w:rFonts w:ascii="Arial" w:eastAsia="Times New Roman" w:hAnsi="Arial" w:cs="Arial"/><w:color w:val="313131"/><w:sz w:val="21"/><w:szCs w:val="21"/></w:rPr><w:t xml:space="preserve">IP </w:t></w:r><w:r w:rsidRPr="0071590A"><w:rPr><w:rFonts w:ascii="Arial" w:eastAsia="Times New Roman" w:hAnsi="Arial" w:cs="Arial"/><w:color w:val="313131"/><w:sz w:val="21"/><w:szCs w:val="21"/><w:rtl/></w:rPr><w:t xml:space="preserve">של המחשב אותו מחשב מסוים מחפש לא נמצאת באותה הרשת </w:t></w:r><w:proofErr w:type="spellStart"/><w:r w:rsidRPr="0071590A"><w:rPr><w:rFonts w:ascii="Arial" w:eastAsia="Times New Roman" w:hAnsi="Arial" w:cs="Arial"/><w:color w:val="313131"/><w:sz w:val="21"/><w:szCs w:val="21"/><w:rtl/></w:rPr><w:t>איתו</w:t></w:r><w:proofErr w:type="spellEnd"/><w:r w:rsidRPr="0071590A"><w:rPr><w:rFonts w:ascii="Arial" w:eastAsia="Times New Roman" w:hAnsi="Arial" w:cs="Arial"/><w:color w:val="313131"/><w:sz w:val="21"/><w:szCs w:val="21"/><w:rtl/></w:rPr><w:t>? נאמר מחשב 192.168.1.20/24 מחפש את 192.168.2.20/24 ? במקרה כזה ה</w:t></w:r><w:r w:rsidRPr="0071590A"><w:rPr><w:rFonts w:ascii="Arial" w:eastAsia="Times New Roman" w:hAnsi="Arial" w:cs="Arial"/><w:color w:val="313131"/><w:sz w:val="21"/><w:szCs w:val="21"/></w:rPr><w:t xml:space="preserve">MAC Address </w:t></w:r><w:r w:rsidRPr="0071590A"><w:rPr><w:rFonts w:ascii="Arial" w:eastAsia="Times New Roman" w:hAnsi="Arial" w:cs="Arial"/><w:color w:val="313131"/><w:sz w:val="21"/><w:szCs w:val="21"/><w:rtl/></w:rPr><w:t>של 192.168.2.20/24 יהיה ה</w:t></w:r><w:r w:rsidRPr="0071590A"><w:rPr><w:rFonts w:ascii="Arial" w:eastAsia="Times New Roman" w:hAnsi="Arial" w:cs="Arial"/><w:color w:val="313131"/><w:sz w:val="21"/><w:szCs w:val="21"/></w:rPr><w:t xml:space="preserve">MAC Address </w:t></w:r><w:r w:rsidRPr="0071590A"><w:rPr><w:rFonts w:ascii="Arial" w:eastAsia="Times New Roman" w:hAnsi="Arial" w:cs="Arial"/><w:color w:val="313131"/><w:sz w:val="21"/><w:szCs w:val="21"/><w:rtl/></w:rPr><w:t>של ה</w:t></w:r><w:r w:rsidRPr="0071590A"><w:rPr><w:rFonts w:ascii="Arial" w:eastAsia="Times New Roman" w:hAnsi="Arial" w:cs="Arial"/><w:color w:val="313131"/><w:sz w:val="21"/><w:szCs w:val="21"/></w:rPr><w:t xml:space="preserve"> Default Gateway!</w:t></w:r></w:p><w:p w:rsidR="0071590A" w:rsidRPr="0071590A" w:rsidRDefault="0071590A" w:rsidP="0071590A"><w:pPr><w:shd w:val="clear" w:color="auto" w:fill="FFFFFF"/><w:bidi w:val="0"/><w:spacing w:after="255" w:line="312" w:lineRule="atLeast"/><w:jc w:val="right"/><w:outlineLvl w:val="1"/><w:rPr><w:rFonts w:ascii="Arial" w:eastAsia="Times New Roman" w:hAnsi="Arial" w:cs="Arial"/><w:b/><w:bCs/><w:color w:val="313131"/><w:sz w:val="33"/><w:szCs w:val="33"/></w:rPr></w:pPr><w:r w:rsidRPr="0071590A"><w:rPr><w:rFonts w:ascii="Arial" w:eastAsia="Times New Roman" w:hAnsi="Arial" w:cs="Arial"/><w:b/><w:bCs/><w:color w:val="313131"/><w:sz w:val="33"/><w:szCs w:val="33"/><w:rtl/></w:rPr><w:t xml:space="preserve">וכיצד </w:t></w:r><w:proofErr w:type="spellStart"/><w:r w:rsidRPr="0071590A"><w:rPr><w:rFonts w:ascii="Arial" w:eastAsia="Times New Roman" w:hAnsi="Arial" w:cs="Arial"/><w:b/><w:bCs/><w:color w:val="313131"/><w:sz w:val="33"/><w:szCs w:val="33"/><w:rtl/></w:rPr><w:t>הסוויצ</w:t></w:r><w:proofErr w:type="spellEnd"/><w:r w:rsidRPr="0071590A"><w:rPr><w:rFonts w:ascii="Arial" w:eastAsia="Times New Roman" w:hAnsi="Arial" w:cs="Arial"/><w:b/><w:bCs/><w:color w:val="313131"/><w:sz w:val="33"/><w:szCs w:val="33"/><w:rtl/></w:rPr><w:t>’ מייצר את טבלת ה</w:t></w:r><w:r w:rsidRPr="0071590A"><w:rPr><w:rFonts w:ascii="Arial" w:eastAsia="Times New Roman" w:hAnsi="Arial" w:cs="Arial"/><w:b/><w:bCs/><w:color w:val="313131"/><w:sz w:val="33"/><w:szCs w:val="33"/></w:rPr><w:t xml:space="preserve"> CAM?</w:t></w:r></w:p><w:p w:rsidR="0071590A" w:rsidRPr="0071590A" w:rsidRDefault="0071590A" w:rsidP="0071590A"><w:pPr><w:shd w:val="clear" w:color="auto" w:fill="FFFFFF"/><w:bidi w:val="0"/><w:spacing w:after="0" w:line="240" w:lineRule="auto"/><w:jc w:val="right"/><w:rPr><w:rFonts w:ascii="Arial" w:eastAsia="Times New Roman" w:hAnsi="Arial" w:cs="Arial"/><w:color w:val="313131"/><w:sz w:val="21"/><w:szCs w:val="21"/></w:rPr></w:pPr><w:r w:rsidRPr="0071590A"><w:rPr><w:rFonts w:ascii="Arial" w:eastAsia="Times New Roman" w:hAnsi="Arial" w:cs="Arial"/><w:color w:val="313131"/><w:sz w:val="21"/><w:szCs w:val="21"/></w:rPr><w:t xml:space="preserve">Switch A </w:t></w:r><w:r w:rsidRPr="0071590A"><w:rPr><w:rFonts w:ascii="Arial" w:eastAsia="Times New Roman" w:hAnsi="Arial" w:cs="Arial"/><w:color w:val="313131"/><w:sz w:val="21"/><w:szCs w:val="21"/><w:rtl/></w:rPr><w:t>שבו המחשב 192.168.1.10 מעוניין לשלוח הודעה לכתובת 192.168.1.20  בדרך השליחה מקבל</w:t></w:r><w:r w:rsidRPr="0071590A"><w:rPr><w:rFonts w:ascii="Arial" w:eastAsia="Times New Roman" w:hAnsi="Arial" w:cs="Arial"/><w:color w:val="313131"/><w:sz w:val="21"/><w:szCs w:val="21"/></w:rPr><w:t xml:space="preserve"> Switch A </w:t></w:r><w:r w:rsidRPr="0071590A"><w:rPr><w:rFonts w:ascii="Arial" w:eastAsia="Times New Roman" w:hAnsi="Arial" w:cs="Arial"/><w:color w:val="313131"/><w:sz w:val="21"/><w:szCs w:val="21"/><w:rtl/></w:rPr><w:t xml:space="preserve">הודעה מ 192.168.1.10 עם </w:t></w:r><w:r w:rsidRPr="0071590A"><w:rPr><w:rFonts w:ascii="Arial" w:eastAsia="Times New Roman" w:hAnsi="Arial" w:cs="Arial"/><w:color w:val="313131"/><w:sz w:val="21"/><w:szCs w:val="21"/></w:rPr><w:t xml:space="preserve">MAC Address </w:t></w:r><w:r w:rsidRPr="0071590A"><w:rPr><w:rFonts w:ascii="Arial" w:eastAsia="Times New Roman" w:hAnsi="Arial" w:cs="Arial"/><w:color w:val="313131"/><w:sz w:val="21"/><w:szCs w:val="21"/><w:rtl/></w:rPr><w:t>של</w:t></w:r><w:r w:rsidRPr="0071590A"><w:rPr><w:rFonts w:ascii="Arial" w:eastAsia="Times New Roman" w:hAnsi="Arial" w:cs="Arial"/><w:color w:val="313131"/><w:sz w:val="21"/><w:szCs w:val="21"/></w:rPr><w:t xml:space="preserve"> AA:AA… </w:t></w:r><w:r w:rsidRPr="0071590A"><w:rPr><w:rFonts w:ascii="Arial" w:eastAsia="Times New Roman" w:hAnsi="Arial" w:cs="Arial"/><w:color w:val="313131"/><w:sz w:val="21"/><w:szCs w:val="21"/><w:rtl/></w:rPr><w:t>והוא ירשום זאת בטבלת ה</w:t></w:r><w:r w:rsidRPr="0071590A"><w:rPr><w:rFonts w:ascii="Arial" w:eastAsia="Times New Roman" w:hAnsi="Arial" w:cs="Arial"/><w:color w:val="313131"/><w:sz w:val="21"/><w:szCs w:val="21"/></w:rPr><w:t xml:space="preserve"> CAM </w:t></w:r><w:r w:rsidRPr="0071590A"><w:rPr><w:rFonts w:ascii="Arial" w:eastAsia="Times New Roman" w:hAnsi="Arial" w:cs="Arial"/><w:color w:val="313131"/><w:sz w:val="21"/><w:szCs w:val="21"/><w:rtl/></w:rPr><w:t>שלו</w:t></w:r><w:r w:rsidRPr="0071590A"><w:rPr><w:rFonts w:ascii="Arial" w:eastAsia="Times New Roman" w:hAnsi="Arial" w:cs="Arial"/><w:color w:val="313131"/><w:sz w:val="21"/><w:szCs w:val="21"/></w:rPr><w:br/><w:t xml:space="preserve">Switch A </w:t></w:r><w:r w:rsidRPr="0071590A"><w:rPr><w:rFonts w:ascii="Arial" w:eastAsia="Times New Roman" w:hAnsi="Arial" w:cs="Arial"/><w:color w:val="313131"/><w:sz w:val="21"/><w:szCs w:val="21"/><w:rtl/></w:rPr><w:t>יבצע “הצפה</w:t></w:r><w:r w:rsidRPr="0071590A"><w:rPr><w:rFonts w:ascii="Arial" w:eastAsia="Times New Roman" w:hAnsi="Arial" w:cs="Arial"/><w:color w:val="313131"/><w:sz w:val="21"/><w:szCs w:val="21"/></w:rPr><w:t xml:space="preserve">” Flood </w:t></w:r><w:r w:rsidRPr="0071590A"><w:rPr><w:rFonts w:ascii="Arial" w:eastAsia="Times New Roman" w:hAnsi="Arial" w:cs="Arial"/><w:color w:val="313131"/><w:sz w:val="21"/><w:szCs w:val="21"/><w:rtl/></w:rPr><w:t>לכל הפורטים שלו ופורט 15 יוציא את זה לפורט 9 של</w:t></w:r><w:r w:rsidRPr="0071590A"><w:rPr><w:rFonts w:ascii="Arial" w:eastAsia="Times New Roman" w:hAnsi="Arial" w:cs="Arial"/><w:color w:val="313131"/><w:sz w:val="21"/><w:szCs w:val="21"/></w:rPr><w:t xml:space="preserve"> Switch B</w:t></w:r><w:r w:rsidRPr="0071590A"><w:rPr><w:rFonts w:ascii="Arial" w:eastAsia="Times New Roman" w:hAnsi="Arial" w:cs="Arial"/><w:color w:val="313131"/><w:sz w:val="21"/><w:szCs w:val="21"/></w:rPr><w:br/><w:t xml:space="preserve">Switch B </w:t></w:r><w:r w:rsidRPr="0071590A"><w:rPr><w:rFonts w:ascii="Arial" w:eastAsia="Times New Roman" w:hAnsi="Arial" w:cs="Arial"/><w:color w:val="313131"/><w:sz w:val="21"/><w:szCs w:val="21"/><w:rtl/></w:rPr><w:t>כעת יודע שמפורט 9 שלו הגיע אליו חבילה מ</w:t></w:r><w:r w:rsidRPr="0071590A"><w:rPr><w:rFonts w:ascii="Arial" w:eastAsia="Times New Roman" w:hAnsi="Arial" w:cs="Arial"/><w:color w:val="313131"/><w:sz w:val="21"/><w:szCs w:val="21"/></w:rPr><w:t xml:space="preserve"> AA:AA… </w:t></w:r><w:r w:rsidRPr="0071590A"><w:rPr><w:rFonts w:ascii="Arial" w:eastAsia="Times New Roman" w:hAnsi="Arial" w:cs="Arial"/><w:color w:val="313131"/><w:sz w:val="21"/><w:szCs w:val="21"/><w:rtl/></w:rPr><w:t>ולכן ירשום אותה בטבלת ה</w:t></w:r><w:r w:rsidRPr="0071590A"><w:rPr><w:rFonts w:ascii="Arial" w:eastAsia="Times New Roman" w:hAnsi="Arial" w:cs="Arial"/><w:color w:val="313131"/><w:sz w:val="21"/><w:szCs w:val="21"/></w:rPr><w:t xml:space="preserve">CAM </w:t></w:r><w:r w:rsidRPr="0071590A"><w:rPr><w:rFonts w:ascii="Arial" w:eastAsia="Times New Roman" w:hAnsi="Arial" w:cs="Arial"/><w:color w:val="313131"/><w:sz w:val="21"/><w:szCs w:val="21"/><w:rtl/></w:rPr><w:t>שלו, למרות שלא באמת מחשב</w:t></w:r><w:r w:rsidRPr="0071590A"><w:rPr><w:rFonts w:ascii="Arial" w:eastAsia="Times New Roman" w:hAnsi="Arial" w:cs="Arial"/><w:color w:val="313131"/><w:sz w:val="21"/><w:szCs w:val="21"/></w:rPr><w:t xml:space="preserve"> AA:AA.. </w:t></w:r><w:r w:rsidRPr="0071590A"><w:rPr><w:rFonts w:ascii="Arial" w:eastAsia="Times New Roman" w:hAnsi="Arial" w:cs="Arial"/><w:color w:val="313131"/><w:sz w:val="21"/><w:szCs w:val="21"/><w:rtl/></w:rPr><w:t>מחובר ל9 אך הוא יודע במפורט זה הגיע אליו מחשב</w:t></w:r><w:r w:rsidRPr="0071590A"><w:rPr><w:rFonts w:ascii="Arial" w:eastAsia="Times New Roman" w:hAnsi="Arial" w:cs="Arial"/><w:color w:val="313131"/><w:sz w:val="21"/><w:szCs w:val="21"/></w:rPr><w:t> AA:AA..</w:t></w:r><w:r w:rsidRPr="0071590A"><w:rPr><w:rFonts w:ascii="Arial" w:eastAsia="Times New Roman" w:hAnsi="Arial" w:cs="Arial"/><w:color w:val="313131"/><w:sz w:val="21"/><w:szCs w:val="21"/></w:rPr><w:br/></w:r><w:r w:rsidRPr="0071590A"><w:rPr><w:rFonts w:ascii="Arial" w:eastAsia="Times New Roman" w:hAnsi="Arial" w:cs="Arial"/><w:color w:val="313131"/><w:sz w:val="21"/><w:szCs w:val="21"/><w:rtl/></w:rPr><w:t>כעת</w:t></w:r><w:r w:rsidRPr="0071590A"><w:rPr><w:rFonts w:ascii="Arial" w:eastAsia="Times New Roman" w:hAnsi="Arial" w:cs="Arial"/><w:color w:val="313131"/><w:sz w:val="21"/><w:szCs w:val="21"/></w:rPr><w:t xml:space="preserve"> Switch B </w:t></w:r><w:r w:rsidRPr="0071590A"><w:rPr><w:rFonts w:ascii="Arial" w:eastAsia="Times New Roman" w:hAnsi="Arial" w:cs="Arial"/><w:color w:val="313131"/><w:sz w:val="21"/><w:szCs w:val="21"/><w:rtl/></w:rPr><w:t>יבצע הצפה כי הוא לא יודע מי זה</w:t></w:r><w:r w:rsidRPr="0071590A"><w:rPr><w:rFonts w:ascii="Arial" w:eastAsia="Times New Roman" w:hAnsi="Arial" w:cs="Arial"/><w:color w:val="313131"/><w:sz w:val="21"/><w:szCs w:val="21"/></w:rPr><w:t xml:space="preserve"> BB:BB </w:t></w:r><w:r w:rsidRPr="0071590A"><w:rPr><w:rFonts w:ascii="Arial" w:eastAsia="Times New Roman" w:hAnsi="Arial" w:cs="Arial"/><w:color w:val="313131"/><w:sz w:val="21"/><w:szCs w:val="21"/><w:rtl/></w:rPr><w:t>שאליו מיועדת ההודעה ואז מחשב 192.168.1.20 שהוא</w:t></w:r><w:r w:rsidRPr="0071590A"><w:rPr><w:rFonts w:ascii="Arial" w:eastAsia="Times New Roman" w:hAnsi="Arial" w:cs="Arial"/><w:color w:val="313131"/><w:sz w:val="21"/><w:szCs w:val="21"/></w:rPr><w:t xml:space="preserve"> BB:BB… </w:t></w:r><w:r w:rsidRPr="0071590A"><w:rPr><w:rFonts w:ascii="Arial" w:eastAsia="Times New Roman" w:hAnsi="Arial" w:cs="Arial"/><w:color w:val="313131"/><w:sz w:val="21"/><w:szCs w:val="21"/><w:rtl/></w:rPr><w:t>מקבל את ההודעה</w:t></w:r><w:r w:rsidRPr="0071590A"><w:rPr><w:rFonts w:ascii="Arial" w:eastAsia="Times New Roman" w:hAnsi="Arial" w:cs="Arial"/><w:color w:val="313131"/><w:sz w:val="21"/><w:szCs w:val="21"/></w:rPr><w:br/></w:r><w:r w:rsidRPr="0071590A"><w:rPr><w:rFonts w:ascii="Arial" w:eastAsia="Times New Roman" w:hAnsi="Arial" w:cs="Arial"/><w:color w:val="313131"/><w:sz w:val="21"/><w:szCs w:val="21"/><w:rtl/></w:rPr><w:t>בפעם הבאה שתגיע הודעה מ192.168.1.10 ל 192.168.1.20 ידע</w:t></w:r><w:r w:rsidRPr="0071590A"><w:rPr><w:rFonts w:ascii="Arial" w:eastAsia="Times New Roman" w:hAnsi="Arial" w:cs="Arial"/><w:color w:val="313131"/><w:sz w:val="21"/><w:szCs w:val="21"/></w:rPr><w:t xml:space="preserve"> Switch A </w:t></w:r><w:r w:rsidRPr="0071590A"><w:rPr><w:rFonts w:ascii="Arial" w:eastAsia="Times New Roman" w:hAnsi="Arial" w:cs="Arial"/><w:color w:val="313131"/><w:sz w:val="21"/><w:szCs w:val="21"/><w:rtl/></w:rPr><w:t>ואז</w:t></w:r><w:r w:rsidRPr="0071590A"><w:rPr><w:rFonts w:ascii="Arial" w:eastAsia="Times New Roman" w:hAnsi="Arial" w:cs="Arial"/><w:color w:val="313131"/><w:sz w:val="21"/><w:szCs w:val="21"/></w:rPr><w:t xml:space="preserve"> Switch B </w:t></w:r><w:r w:rsidRPr="0071590A"><w:rPr><w:rFonts w:ascii="Arial" w:eastAsia="Times New Roman" w:hAnsi="Arial" w:cs="Arial"/><w:color w:val="313131"/><w:sz w:val="21"/><w:szCs w:val="21"/><w:rtl/></w:rPr><w:t>לאיפה לנתב את ההודעה</w:t></w:r><w:r w:rsidRPr="0071590A"><w:rPr><w:rFonts w:ascii="Arial" w:eastAsia="Times New Roman" w:hAnsi="Arial" w:cs="Arial"/><w:color w:val="313131"/><w:sz w:val="21"/><w:szCs w:val="21"/></w:rPr><w:t>!</w:t></w:r><w:r w:rsidRPr="0071590A"><w:rPr><w:rFonts w:ascii="Arial" w:eastAsia="Times New Roman" w:hAnsi="Arial" w:cs="Arial"/><w:color w:val="313131"/><w:sz w:val="21"/><w:szCs w:val="21"/></w:rPr><w:br/></w:r><w:r w:rsidRPr="0071590A"><w:rPr><w:rFonts w:ascii="Arial" w:eastAsia="Times New Roman" w:hAnsi="Arial" w:cs="Arial"/><w:color w:val="313131"/><w:sz w:val="21"/><w:szCs w:val="21"/><w:rtl/></w:rPr><w:t>כעת אני לא ימשיך והסיבה היא שאני רוצה שאתם תנתחו את שאר היציאות ותבינו למה הטבלה רשומה כך, אם לא הבנתם תמיד תוכלו לשאול או להגיב בנושא המאמר למטה</w:t></w:r><w:r w:rsidRPr="0071590A"><w:rPr><w:rFonts w:ascii="Arial" w:eastAsia="Times New Roman" w:hAnsi="Arial" w:cs="Arial"/><w:color w:val="313131"/><w:sz w:val="21"/><w:szCs w:val="21"/></w:rPr><w:t>!</w:t></w:r></w:p><w:p w:rsidR="0071590A" w:rsidRPr="0071590A" w:rsidRDefault="0071590A" w:rsidP="0071590A"><w:pPr><w:shd w:val="clear" w:color="auto" w:fill="FFFFFF"/><w:bidi w:val="0"/><w:spacing w:after="0" w:line="240" w:lineRule="auto"/><w:jc w:val="right"/><w:rPr><w:rFonts w:ascii="Arial" w:eastAsia="Times New Roman" w:hAnsi="Arial" w:cs="Arial"/><w:color w:val="313131"/><w:sz w:val="21"/><w:szCs w:val="21"/></w:rPr></w:pPr><w:r w:rsidRPr="0071590A"><w:rPr><w:rFonts w:ascii="Arial" w:eastAsia="Times New Roman" w:hAnsi="Arial" w:cs="Arial"/><w:noProof/><w:color w:val="2196F3"/><w:sz w:val="21"/><w:szCs w:val="21"/></w:rPr><w:lastRenderedPageBreak/><w:drawing><wp:inline distT="0" distB="0" distL="0" distR="0"><wp:extent cx="5274310" cy="4188460"/><wp:effectExtent l="0" t="0" r="2540" b="2540"/><wp:docPr id="2" name="תמונה 2" descr="ARP"><a:hlinkClick xmlns:a="http://schemas.openxmlformats.org/drawingml/2006/main" r:id="rId8"/></wp:docPr><wp:cNvGraphicFramePr><a:graphicFrameLocks xmlns:a="http://schemas.openxmlformats.org/drawingml/2006/main" noChangeAspect="1"/></wp:cNvGraphicFramePr><a:graphic xmlns:a="http://schemas.openxmlformats.org/drawingml/2006/main"><a:graphicData uri="http://schemas.openxmlformats.org/drawingml/2006/picture"><pic:pic xmlns:pic="http://schemas.openxmlformats.org/drawingml/2006/picture"><pic:nvPicPr><pic:cNvPr id="0" name="Picture 3" descr="ARP"><a:hlinkClick r:id="rId8"/></pic:cNvPr><pic:cNvPicPr><a:picLocks noChangeAspect="1" noChangeArrowheads="1"/></pic:cNvPicPr></pic:nvPicPr><pic:blipFill><a:blip r:embed="rId9"><a:extLst><a:ext uri="{28A0092B-C50C-407E-A947-70E740481C1C}"><a14:useLocalDpi xmlns:a14="http://schemas.microsoft.com/office/drawing/2010/main" val="0"/></a:ext></a:extLst></a:blip><a:srcRect/><a:stretch><a:fillRect/></a:stretch></pic:blipFill><pic:spPr bwMode="auto"><a:xfrm><a:off x="0" y="0"/><a:ext cx="5274310" cy="4188460"/></a:xfrm><a:prstGeom prst="rect"><a:avLst/></a:prstGeom><a:noFill/><a:ln><a:noFill/></a:ln></pic:spPr></pic:pic></a:graphicData></a:graphic></wp:inline></w:drawing></w:r></w:p><w:p w:rsidR="0071590A" w:rsidRPr="0071590A" w:rsidRDefault="0071590A" w:rsidP="0071590A"><w:pPr><w:shd w:val="clear" w:color="auto" w:fill="FFFFFF"/><w:bidi w:val="0"/><w:spacing w:line="240" w:lineRule="auto"/><w:jc w:val="right"/><w:rPr><w:rFonts w:ascii="Arial" w:eastAsia="Times New Roman" w:hAnsi="Arial" w:cs="Arial"/><w:i/><w:iCs/><w:color w:val="FFFFFF"/><w:sz w:val="21"/><w:szCs w:val="21"/></w:rPr></w:pPr><w:r w:rsidRPr="0071590A"><w:rPr><w:rFonts w:ascii="Arial" w:eastAsia="Times New Roman" w:hAnsi="Arial" w:cs="Arial"/><w:i/><w:iCs/><w:color w:val="FFFFFF"/><w:sz w:val="21"/><w:szCs w:val="21"/></w:rPr><w:t>ARP</w:t></w:r></w:p><w:p w:rsidR="0071590A" w:rsidRPr="0071590A" w:rsidRDefault="0071590A" w:rsidP="0071590A"><w:pPr><w:shd w:val="clear" w:color="auto" w:fill="FFFFFF"/><w:bidi w:val="0"/><w:spacing w:after="255" w:line="312" w:lineRule="atLeast"/><w:jc w:val="right"/><w:outlineLvl w:val="0"/><w:rPr><w:rFonts w:ascii="Arial" w:eastAsia="Times New Roman" w:hAnsi="Arial" w:cs="Arial"/><w:b/><w:bCs/><w:color w:val="313131"/><w:kern w:val="36"/><w:sz w:val="36"/><w:szCs w:val="36"/></w:rPr></w:pPr><w:r w:rsidRPr="0071590A"><w:rPr><w:rFonts w:ascii="Arial" w:eastAsia="Times New Roman" w:hAnsi="Arial" w:cs="Arial"/><w:b/><w:bCs/><w:color w:val="313131"/><w:kern w:val="36"/><w:sz w:val="36"/><w:szCs w:val="36"/></w:rPr><w:t>ARP Table</w:t></w:r></w:p><w:p w:rsidR="0071590A" w:rsidRPr="0071590A" w:rsidRDefault="0071590A" w:rsidP="0071590A"><w:pPr><w:shd w:val="clear" w:color="auto" w:fill="FFFFFF"/><w:bidi w:val="0"/><w:spacing w:after="0" w:line="240" w:lineRule="auto"/><w:jc w:val="right"/><w:rPr><w:rFonts w:ascii="Arial" w:eastAsia="Times New Roman" w:hAnsi="Arial" w:cs="Arial"/><w:color w:val="313131"/><w:sz w:val="21"/><w:szCs w:val="21"/></w:rPr></w:pPr><w:r w:rsidRPr="0071590A"><w:rPr><w:rFonts w:ascii="Arial" w:eastAsia="Times New Roman" w:hAnsi="Arial" w:cs="Arial"/><w:color w:val="313131"/><w:sz w:val="21"/><w:szCs w:val="21"/><w:rtl/></w:rPr><w:t>היא טבלת</w:t></w:r><w:r w:rsidRPr="0071590A"><w:rPr><w:rFonts w:ascii="Arial" w:eastAsia="Times New Roman" w:hAnsi="Arial" w:cs="Arial"/><w:color w:val="313131"/><w:sz w:val="21"/><w:szCs w:val="21"/></w:rPr><w:t xml:space="preserve"> ARP </w:t></w:r><w:r w:rsidRPr="0071590A"><w:rPr><w:rFonts w:ascii="Arial" w:eastAsia="Times New Roman" w:hAnsi="Arial" w:cs="Arial"/><w:color w:val="313131"/><w:sz w:val="21"/><w:szCs w:val="21"/><w:rtl/></w:rPr><w:t>הבנויה מכתובות</w:t></w:r><w:r w:rsidRPr="0071590A"><w:rPr><w:rFonts w:ascii="Arial" w:eastAsia="Times New Roman" w:hAnsi="Arial" w:cs="Arial"/><w:color w:val="313131"/><w:sz w:val="21"/><w:szCs w:val="21"/></w:rPr><w:t xml:space="preserve"> IP </w:t></w:r><w:proofErr w:type="spellStart"/><w:r w:rsidRPr="0071590A"><w:rPr><w:rFonts w:ascii="Arial" w:eastAsia="Times New Roman" w:hAnsi="Arial" w:cs="Arial"/><w:color w:val="313131"/><w:sz w:val="21"/><w:szCs w:val="21"/><w:rtl/></w:rPr><w:t>וה</w:t></w:r><w:proofErr w:type="spellEnd"/><w:r w:rsidRPr="0071590A"><w:rPr><w:rFonts w:ascii="Arial" w:eastAsia="Times New Roman" w:hAnsi="Arial" w:cs="Arial"/><w:color w:val="313131"/><w:sz w:val="21"/><w:szCs w:val="21"/></w:rPr><w:t xml:space="preserve"> MAC Address </w:t></w:r><w:r w:rsidRPr="0071590A"><w:rPr><w:rFonts w:ascii="Arial" w:eastAsia="Times New Roman" w:hAnsi="Arial" w:cs="Arial"/><w:color w:val="313131"/><w:sz w:val="21"/><w:szCs w:val="21"/><w:rtl/></w:rPr><w:t>שלהם, אז מה ניתן להבין מהטבלה הבאה? ניתן לראות את הכתובת 192.168.77</w:t></w:r><w:r w:rsidRPr="0071590A"><w:rPr><w:rFonts w:ascii="Arial" w:eastAsia="Times New Roman" w:hAnsi="Arial" w:cs="Arial"/><w:color w:val="313131"/><w:sz w:val="21"/><w:szCs w:val="21"/></w:rPr><w:t>.</w:t></w:r><w:r w:rsidRPr="0071590A"><w:rPr><w:rFonts w:ascii="Arial" w:eastAsia="Times New Roman" w:hAnsi="Arial" w:cs="Arial"/><w:color w:val="FF0000"/><w:sz w:val="21"/><w:szCs w:val="21"/></w:rPr><w:t>255</w:t></w:r><w:r w:rsidRPr="0071590A"><w:rPr><w:rFonts w:ascii="Arial" w:eastAsia="Times New Roman" w:hAnsi="Arial" w:cs="Arial"/><w:color w:val="000000"/><w:sz w:val="21"/><w:szCs w:val="21"/></w:rPr><w:t xml:space="preserve">, </w:t></w:r><w:r w:rsidRPr="0071590A"><w:rPr><w:rFonts w:ascii="Arial" w:eastAsia="Times New Roman" w:hAnsi="Arial" w:cs="Arial"/><w:color w:val="000000"/><w:sz w:val="21"/><w:szCs w:val="21"/><w:rtl/></w:rPr><w:t>למה סימנתי את 255 באדום? כי ידוע שברשת למשל 192.168.1.0/24 סוף ה</w:t></w:r><w:r w:rsidRPr="0071590A"><w:rPr><w:rFonts w:ascii="Arial" w:eastAsia="Times New Roman" w:hAnsi="Arial" w:cs="Arial"/><w:color w:val="000000"/><w:sz w:val="21"/><w:szCs w:val="21"/></w:rPr><w:t xml:space="preserve"> Host </w:t></w:r><w:r w:rsidRPr="0071590A"><w:rPr><w:rFonts w:ascii="Arial" w:eastAsia="Times New Roman" w:hAnsi="Arial" w:cs="Arial"/><w:color w:val="000000"/><w:sz w:val="21"/><w:szCs w:val="21"/><w:rtl/></w:rPr><w:t>שהוא 255 הוא למעשה כתובת</w:t></w:r><w:r w:rsidRPr="0071590A"><w:rPr><w:rFonts w:ascii="Arial" w:eastAsia="Times New Roman" w:hAnsi="Arial" w:cs="Arial"/><w:color w:val="000000"/><w:sz w:val="21"/><w:szCs w:val="21"/></w:rPr><w:t xml:space="preserve"> Broadcast </w:t></w:r><w:r w:rsidRPr="0071590A"><w:rPr><w:rFonts w:ascii="Arial" w:eastAsia="Times New Roman" w:hAnsi="Arial" w:cs="Arial"/><w:color w:val="000000"/><w:sz w:val="21"/><w:szCs w:val="21"/><w:rtl/></w:rPr><w:t>ואיתה בעצם מגלה ה</w:t></w:r><w:r w:rsidRPr="0071590A"><w:rPr><w:rFonts w:ascii="Arial" w:eastAsia="Times New Roman" w:hAnsi="Arial" w:cs="Arial"/><w:color w:val="000000"/><w:sz w:val="21"/><w:szCs w:val="21"/></w:rPr><w:t xml:space="preserve"> ARP </w:t></w:r><w:r w:rsidRPr="0071590A"><w:rPr><w:rFonts w:ascii="Arial" w:eastAsia="Times New Roman" w:hAnsi="Arial" w:cs="Arial"/><w:color w:val="000000"/><w:sz w:val="21"/><w:szCs w:val="21"/><w:rtl/></w:rPr><w:t>את הכתובות ברשת, ולכן מצוות לו ה</w:t></w:r><w:r w:rsidRPr="0071590A"><w:rPr><w:rFonts w:ascii="Arial" w:eastAsia="Times New Roman" w:hAnsi="Arial" w:cs="Arial"/><w:color w:val="000000"/><w:sz w:val="21"/><w:szCs w:val="21"/></w:rPr><w:t xml:space="preserve"> FF-FF-FF-FF-FF-FF </w:t></w:r><w:r w:rsidRPr="0071590A"><w:rPr><w:rFonts w:ascii="Arial" w:eastAsia="Times New Roman" w:hAnsi="Arial" w:cs="Arial"/><w:color w:val="000000"/><w:sz w:val="21"/><w:szCs w:val="21"/><w:rtl/></w:rPr><w:t>נוסף על כך ניתן לראות את כל הכתובות</w:t></w:r><w:r w:rsidRPr="0071590A"><w:rPr><w:rFonts w:ascii="Arial" w:eastAsia="Times New Roman" w:hAnsi="Arial" w:cs="Arial"/><w:color w:val="000000"/><w:sz w:val="21"/><w:szCs w:val="21"/></w:rPr><w:t xml:space="preserve"> IP </w:t></w:r><w:r w:rsidRPr="0071590A"><w:rPr><w:rFonts w:ascii="Arial" w:eastAsia="Times New Roman" w:hAnsi="Arial" w:cs="Arial"/><w:color w:val="000000"/><w:sz w:val="21"/><w:szCs w:val="21"/><w:rtl/></w:rPr><w:t>עם כתובות ה</w:t></w:r><w:r w:rsidRPr="0071590A"><w:rPr><w:rFonts w:ascii="Arial" w:eastAsia="Times New Roman" w:hAnsi="Arial" w:cs="Arial"/><w:color w:val="000000"/><w:sz w:val="21"/><w:szCs w:val="21"/></w:rPr><w:t>MAC Address </w:t></w:r></w:p><w:p w:rsidR="0071590A" w:rsidRPr="0071590A" w:rsidRDefault="0071590A" w:rsidP="0071590A"><w:pPr><w:shd w:val="clear" w:color="auto" w:fill="FFFFFF"/><w:bidi w:val="0"/><w:spacing w:after="0" w:line="240" w:lineRule="auto"/><w:jc w:val="right"/><w:rPr><w:rFonts w:ascii="Arial" w:eastAsia="Times New Roman" w:hAnsi="Arial" w:cs="Arial"/><w:color w:val="313131"/><w:sz w:val="21"/><w:szCs w:val="21"/></w:rPr></w:pPr><w:r w:rsidRPr="0071590A"><w:rPr><w:rFonts w:ascii="Arial" w:eastAsia="Times New Roman" w:hAnsi="Arial" w:cs="Arial"/><w:noProof/><w:color w:val="2196F3"/><w:sz w:val="21"/><w:szCs w:val="21"/></w:rPr><w:drawing><wp:inline distT="0" distB="0" distL="0" distR="0"><wp:extent cx="5274310" cy="946785"/><wp:effectExtent l="0" t="0" r="2540" b="5715"/><wp:docPr id="1" name="תמונה 1" descr="Arp Table"><a:hlinkClick xmlns:a="http://schemas.openxmlformats.org/drawingml/2006/main" r:id="rId6"/></wp:docPr><wp:cNvGraphicFramePr><a:graphicFrameLocks xmlns:a="http://schemas.openxmlformats.org/drawingml/2006/main" noChangeAspect="1"/></wp:cNvGraphicFramePr><a:graphic xmlns:a="http://schemas.openxmlformats.org/drawingml/2006/main"><a:graphicData uri="http://schemas.openxmlformats.org/drawingml/2006/picture"><pic:pic xmlns:pic="http://schemas.openxmlformats.org/drawingml/2006/picture"><pic:nvPicPr><pic:cNvPr id="0" name="Picture 4" descr="Arp Table"><a:hlinkClick r:id="rId6"/></pic:cNvPr><pic:cNvPicPr><a:picLocks noChangeAspect="1" noChangeArrowheads="1"/></pic:cNvPicPr></pic:nvPicPr><pic:blipFill><a:blip r:embed="rId7"><a:extLst><a:ext uri="{28A0092B-C50C-407E-A947-70E740481C1C}"><a14:useLocalDpi xmlns:a14="http://schemas.microsoft.com/office/drawing/2010/main" val="0"/></a:ext></a:extLst></a:blip><a:srcRect/><a:stretch><a:fillRect/></a:stretch></pic:blipFill><pic:spPr bwMode="auto"><a:xfrm><a:off x="0" y="0"/><a:ext cx="5274310" cy="946785"/></a:xfrm><a:prstGeom prst="rect"><a:avLst/></a:prstGeom><a:noFill/><a:ln><a:noFill/></a:ln></pic:spPr></pic:pic></a:graphicData></a:graphic></wp:inline></w:drawing></w:r></w:p><w:p w:rsidR="0071590A" w:rsidRPr="0071590A" w:rsidRDefault="0071590A" w:rsidP="0071590A"><w:pPr><w:shd w:val="clear" w:color="auto" w:fill="FFFFFF"/><w:bidi w:val="0"/><w:spacing w:line="240" w:lineRule="auto"/><w:jc w:val="right"/><w:rPr><w:rFonts w:ascii="Arial" w:eastAsia="Times New Roman" w:hAnsi="Arial" w:cs="Arial"/><w:i/><w:iCs/><w:color w:val="FFFFFF"/><w:sz w:val="21"/><w:szCs w:val="21"/></w:rPr></w:pPr><w:r w:rsidRPr="0071590A"><w:rPr><w:rFonts w:ascii="Arial" w:eastAsia="Times New Roman" w:hAnsi="Arial" w:cs="Arial"/><w:i/><w:iCs/><w:color w:val="FFFFFF"/><w:sz w:val="21"/><w:szCs w:val="21"/></w:rPr><w:t>Arp Table</w:t></w:r></w:p><w:p w:rsidR="0071590A" w:rsidRPr="0071590A" w:rsidRDefault="0071590A" w:rsidP="0071590A"><w:pPr><w:shd w:val="clear" w:color="auto" w:fill="FFFFFF"/><w:bidi w:val="0"/><w:spacing w:after="255" w:line="240" w:lineRule="auto"/><w:jc w:val="right"/><w:rPr><w:rFonts w:ascii="Arial" w:eastAsia="Times New Roman" w:hAnsi="Arial" w:cs="Arial"/><w:color w:val="313131"/><w:sz w:val="21"/><w:szCs w:val="21"/></w:rPr></w:pPr><w:r w:rsidRPr="0071590A"><w:rPr><w:rFonts w:ascii="Arial" w:eastAsia="Times New Roman" w:hAnsi="Arial" w:cs="Arial"/><w:color w:val="313131"/><w:sz w:val="21"/><w:szCs w:val="21"/></w:rPr><w:t> </w:t></w:r></w:p><w:bookmarkEnd w:id="0"/><w:p w:rsidR="0010322A" w:rsidRDefault="00FE56C2"><w:pPr><w:rPr><w:rFonts w:hint="cs"/></w:rPr></w:pPr></w:p><w:sectPr w:rsidR="0010322A" w:rsidSect="000A078B"><w:pgSz w:w="11906" w:h="16838"/><w:pgMar w:top="1440" w:right="1800" w:bottom="1440" w:left="1800" w:header="708" w:footer="708" w:gutter="0"/><w:cols w:space="708"/><w:bidi/><w:rtlGutter/><w:docGrid w:linePitch="360"/></w:sectPr></w:body></w:document>