<?xml version="1.0" encoding="UTF-8" standalone="yes"?>
<w:document xmlns:wpc="http://schemas.microsoft.com/office/word/2010/wordprocessingCanvas" xmlns:mc="http://schemas.openxmlformats.org/markup-compatibility/2006" xmlns:o="urn:schemas-microsoft-com:office:office" xmlns:r="http://schemas.openxmlformats.org/officeDocument/2006/relationships" xmlns:m="http://schemas.openxmlformats.org/officeDocument/2006/math" xmlns:v="urn:schemas-microsoft-com:vml" xmlns:wp14="http://schemas.microsoft.com/office/word/2010/wordprocessingDrawing" xmlns:wp="http://schemas.openxmlformats.org/drawingml/2006/wordprocessingDrawing" xmlns:w10="urn:schemas-microsoft-com:office:word" xmlns:w="http://schemas.openxmlformats.org/wordprocessingml/2006/main" xmlns:w14="http://schemas.microsoft.com/office/word/2010/wordml" xmlns:w15="http://schemas.microsoft.com/office/word/2012/wordml" xmlns:wpg="http://schemas.microsoft.com/office/word/2010/wordprocessingGroup" xmlns:wpi="http://schemas.microsoft.com/office/word/2010/wordprocessingInk" xmlns:wne="http://schemas.microsoft.com/office/word/2006/wordml" xmlns:wps="http://schemas.microsoft.com/office/word/2010/wordprocessingShape" mc:Ignorable="w14 w15 wp14"><w:body><w:p w:rsidR="005A6F89" w:rsidRPr="00860EE6" w:rsidRDefault="005A6F89" w:rsidP="005A6F89"><w:pPr><w:pStyle w:val="1"/><w:jc w:val="center"/><w:rPr><w:rFonts w:ascii="Times New Roman" w:hAnsi="Times New Roman" w:cs="Times New Roman" w:hint="cs"/><w:bCs w:val="0"/><w:szCs w:val="48"/><w:rtl/></w:rPr></w:pPr></w:p><w:p w:rsidR="005A6F89" w:rsidRPr="00860EE6" w:rsidRDefault="00F51A83" w:rsidP="005A6F89"><w:pPr><w:pStyle w:val="1"/><w:jc w:val="center"/><w:rPr><w:rFonts w:ascii="Times New Roman" w:hAnsi="Times New Roman" w:cs="Times New Roman"/><w:bCs w:val="0"/><w:szCs w:val="48"/><w:rtl/></w:rPr></w:pPr><w:r><w:rPr><w:rFonts w:ascii="Times New Roman" w:hAnsi="Times New Roman" w:cs="Times New Roman" w:hint="cs"/><w:bCs w:val="0"/><w:szCs w:val="48"/><w:rtl/></w:rPr><w:t>הקריה ללימודי הנדסה</w:t></w:r></w:p><w:p w:rsidR="005A6F89" w:rsidRPr="00860EE6" w:rsidRDefault="005A6F89" w:rsidP="005A6F89"><w:pPr><w:pStyle w:val="1"/><w:jc w:val="center"/><w:rPr><w:rFonts w:ascii="Times New Roman" w:hAnsi="Times New Roman" w:cs="Times New Roman"/><w:bCs w:val="0"/><w:szCs w:val="48"/><w:rtl/></w:rPr></w:pPr></w:p><w:p w:rsidR="005A6F89" w:rsidRPr="00860EE6" w:rsidRDefault="005A6F89" w:rsidP="0038622E"><w:pPr><w:pStyle w:val="1"/><w:jc w:val="center"/><w:rPr><w:rFonts w:ascii="Times New Roman" w:hAnsi="Times New Roman" w:cs="Times New Roman"/><w:bCs w:val="0"/><w:szCs w:val="48"/><w:rtl/></w:rPr></w:pPr><w:r w:rsidRPr="00860EE6"><w:rPr><w:rFonts w:ascii="Times New Roman" w:hAnsi="Times New Roman" w:cs="Times New Roman"/><w:bCs w:val="0"/><w:szCs w:val="48"/><w:rtl/></w:rPr><w:t>מבחן גמר "</w:t></w:r><w:r w:rsidR="0038622E" w:rsidRPr="00860EE6"><w:rPr><w:rFonts w:ascii="Times New Roman" w:hAnsi="Times New Roman" w:cs="Times New Roman"/><w:bCs w:val="0"/><w:szCs w:val="48"/><w:rtl/></w:rPr><w:t xml:space="preserve">תכנות מונחה עצמים </w:t></w:r><w:r w:rsidR="0038622E" w:rsidRPr="00860EE6"><w:rPr><w:rFonts w:ascii="Times New Roman" w:hAnsi="Times New Roman" w:cs="Times New Roman"/><w:bCs w:val="0"/><w:sz w:val="48"/><w:szCs w:val="48"/><w:rtl/></w:rPr><w:t>ב</w:t></w:r><w:r w:rsidR="0038622E" w:rsidRPr="00860EE6"><w:rPr><w:rFonts w:ascii="Times New Roman" w:hAnsi="Times New Roman" w:cs="Times New Roman"/><w:bCs w:val="0"/><w:sz w:val="48"/><w:szCs w:val="48"/></w:rPr><w:t>JAVA</w:t></w:r><w:r w:rsidR="0038622E" w:rsidRPr="00860EE6"><w:rPr><w:rFonts w:ascii="Times New Roman" w:hAnsi="Times New Roman" w:cs="Times New Roman"/><w:bCs w:val="0"/><w:szCs w:val="48"/></w:rPr><w:t xml:space="preserve"> </w:t></w:r><w:r w:rsidRPr="00860EE6"><w:rPr><w:rFonts w:ascii="Times New Roman" w:hAnsi="Times New Roman" w:cs="Times New Roman"/><w:bCs w:val="0"/><w:szCs w:val="48"/><w:rtl/></w:rPr><w:t>"</w:t></w:r></w:p><w:p w:rsidR="005A6F89" w:rsidRPr="00860EE6" w:rsidRDefault="00F51A83" w:rsidP="00B2380C"><w:pPr><w:pStyle w:val="3"/><w:jc w:val="center"/><w:rPr><w:rFonts w:ascii="Times New Roman" w:hAnsi="Times New Roman" w:cs="Times New Roman"/><w:sz w:val="44"/><w:szCs w:val="44"/><w:rtl/></w:rPr></w:pPr><w:r><w:rPr><w:rFonts w:ascii="Times New Roman" w:hAnsi="Times New Roman" w:cs="Times New Roman" w:hint="cs"/><w:sz w:val="44"/><w:szCs w:val="44"/><w:rtl/></w:rPr><w:t xml:space="preserve">מועד </w:t></w:r><w:r w:rsidR="00B2380C"><w:rPr><w:rFonts w:ascii="Times New Roman" w:hAnsi="Times New Roman" w:cs="Times New Roman" w:hint="cs"/><w:sz w:val="44"/><w:szCs w:val="44"/><w:rtl/></w:rPr><w:t>א'</w:t></w:r></w:p><w:p w:rsidR="002C2697" w:rsidRPr="00860EE6" w:rsidRDefault="002C2697" w:rsidP="002C2697"><w:pPr><w:rPr><w:rFonts w:cs="Times New Roman"/><w:rtl/></w:rPr></w:pPr></w:p><w:p w:rsidR="005A6F89" w:rsidRPr="00860EE6" w:rsidRDefault="005A6F89" w:rsidP="0038622E"><w:pPr><w:rPr><w:rFonts w:cs="Times New Roman"/><w:b/><w:bCs/><w:rtl/></w:rPr></w:pPr><w:r w:rsidRPr="00860EE6"><w:rPr><w:rFonts w:cs="Times New Roman"/><w:b/><w:bCs/><w:rtl/></w:rPr><w:t>משך המבחן שלוש שעות.</w:t></w:r></w:p><w:p w:rsidR="00192104" w:rsidRDefault="00192104" w:rsidP="00192104"><w:pPr><w:rPr><w:rtl/></w:rPr></w:pPr><w:r><w:rPr><w:rFonts w:hint="cs"/><w:rtl/></w:rPr><w:t>במבחן יש 4 שאלות .</w:t></w:r><w:r w:rsidRPr="00192104"><w:rPr><w:rFonts w:hint="cs"/><w:b/><w:bCs/><w:rtl/></w:rPr><w:t xml:space="preserve"> יש לענות על כולן </w:t></w:r><w:r><w:rPr><w:rFonts w:hint="cs"/><w:rtl/></w:rPr><w:t>.</w:t></w:r></w:p><w:p w:rsidR="00192104" w:rsidRDefault="00192104" w:rsidP="00162CF3"><w:pPr><w:rPr><w:rtl/></w:rPr></w:pPr><w:r><w:rPr><w:rFonts w:hint="cs"/><w:rtl/></w:rPr><w:t xml:space="preserve">שאלה ראשונה </w:t></w:r><w:r><w:rPr><w:rtl/></w:rPr><w:t>–</w:t></w:r><w:r><w:rPr><w:rFonts w:hint="cs"/><w:rtl/></w:rPr><w:t xml:space="preserve"> </w:t></w:r><w:r w:rsidR="00162CF3"><w:rPr><w:rFonts w:hint="cs"/><w:rtl/></w:rPr><w:t>30</w:t></w:r><w:r><w:rPr><w:rFonts w:hint="cs"/><w:rtl/></w:rPr><w:t xml:space="preserve"> נק'   ( </w:t></w:r><w:r w:rsidR="00AA5DC9"><w:rPr><w:rFonts w:hint="cs"/><w:rtl/></w:rPr><w:t xml:space="preserve">שאלות </w:t></w:r><w:r><w:rPr><w:rFonts w:hint="cs"/><w:rtl/></w:rPr><w:t>מעקב</w:t></w:r><w:r w:rsidR="00AA5DC9"><w:rPr><w:rFonts w:hint="cs"/><w:rtl/></w:rPr><w:t xml:space="preserve"> והבנת קוד </w:t></w:r><w:r><w:rPr><w:rFonts w:hint="cs"/><w:rtl/></w:rPr><w:t xml:space="preserve"> ) </w:t></w:r></w:p><w:p w:rsidR="00192104" w:rsidRDefault="00192104" w:rsidP="00B30F72"><w:pPr><w:rPr><w:rtl/></w:rPr></w:pPr><w:r><w:rPr><w:rFonts w:hint="cs"/><w:rtl/></w:rPr><w:t xml:space="preserve">שאלה שנייה    -  </w:t></w:r><w:r w:rsidR="00162CF3"><w:rPr><w:rFonts w:hint="cs"/><w:rtl/></w:rPr><w:t>20</w:t></w:r><w:r><w:rPr><w:rFonts w:hint="cs"/><w:rtl/></w:rPr><w:t xml:space="preserve">  נק'  (כתיבת </w:t></w:r><w:r w:rsidR="00D432D1"><w:rPr><w:rFonts w:hint="cs"/><w:rtl/></w:rPr><w:t xml:space="preserve">קוד </w:t></w:r><w:r><w:rPr><w:rFonts w:hint="cs"/><w:rtl/></w:rPr><w:t xml:space="preserve"> </w:t></w:r><w:r><w:rPr><w:rtl/></w:rPr><w:t>–</w:t></w:r><w:r><w:rPr><w:rFonts w:hint="cs"/><w:rtl/></w:rPr><w:t xml:space="preserve"> </w:t></w:r><w:r w:rsidR="00D432D1"><w:rPr><w:rFonts w:hint="cs"/><w:rtl/></w:rPr><w:t xml:space="preserve">מערכים , אוספים ואובייקטים </w:t></w:r><w:r><w:rPr><w:rFonts w:hint="cs"/><w:rtl/></w:rPr><w:t xml:space="preserve"> ) </w:t></w:r></w:p><w:p w:rsidR="00192104" w:rsidRDefault="00192104" w:rsidP="00447731"><w:pPr><w:rPr><w:rtl/></w:rPr></w:pPr><w:r><w:rPr><w:rFonts w:hint="cs"/><w:rtl/></w:rPr><w:t xml:space="preserve">שאלה שלישית -  </w:t></w:r><w:r w:rsidR="00447731"><w:rPr><w:rFonts w:hint="cs"/><w:rtl/></w:rPr><w:t>10</w:t></w:r><w:r><w:rPr><w:rFonts w:hint="cs"/><w:rtl/></w:rPr><w:t xml:space="preserve"> נק'  ( מונחה עצמים </w:t></w:r><w:r><w:rPr><w:rtl/></w:rPr><w:t>–</w:t></w:r><w:r w:rsidR="00447731"><w:rPr><w:rFonts w:hint="cs"/><w:rtl/></w:rPr><w:t xml:space="preserve">  </w:t></w:r><w:r w:rsidR="00447731"><w:t>Design Patterns</w:t></w:r><w:r><w:rPr><w:rFonts w:hint="cs"/><w:rtl/></w:rPr><w:t xml:space="preserve">)  </w:t></w:r></w:p><w:p w:rsidR="00B30F72" w:rsidRDefault="00192104" w:rsidP="00447731"><w:pPr><w:rPr><w:rtl/></w:rPr></w:pPr><w:r><w:rPr><w:rFonts w:hint="cs"/><w:rtl/></w:rPr><w:t xml:space="preserve">שאלה רביעית -  </w:t></w:r><w:r w:rsidR="00CC0F0D"><w:rPr><w:rFonts w:hint="cs"/><w:rtl/></w:rPr><w:t>30</w:t></w:r><w:r><w:rPr><w:rFonts w:hint="cs"/><w:rtl/></w:rPr><w:t xml:space="preserve"> נק'    ( כתיבת מחלקות למערכת ) </w:t></w:r><w:r w:rsidR="00931804"><w:rPr><w:rFonts w:hint="cs"/><w:rtl/></w:rPr><w:t xml:space="preserve"> </w:t></w:r></w:p><w:p w:rsidR="00082575" w:rsidRPr="00860EE6" w:rsidRDefault="00192104" w:rsidP="00192104"><w:pPr><w:rPr><w:rFonts w:cs="Times New Roman"/><w:b/><w:bCs/><w:rtl/></w:rPr></w:pPr><w:r><w:rPr><w:rFonts w:hint="cs"/><w:rtl/></w:rPr><w:t xml:space="preserve"> </w:t></w:r></w:p><w:p w:rsidR="00E72CA5" w:rsidRDefault="005A6F89" w:rsidP="00E72CA5"><w:pPr><w:rPr><w:rFonts w:cs="Times New Roman"/><w:b/><w:bCs/><w:rtl/></w:rPr></w:pPr><w:r w:rsidRPr="00860EE6"><w:rPr><w:rFonts w:cs="Times New Roman"/><w:b/><w:bCs/><w:rtl/></w:rPr><w:t xml:space="preserve">רשמו את תשובות </w:t></w:r><w:r w:rsidR="00E72CA5"><w:rPr><w:rFonts w:cs="Times New Roman" w:hint="cs"/><w:b/><w:bCs/><w:rtl/></w:rPr><w:t xml:space="preserve">בכתיב גדול וקריא - אך ורק </w:t></w:r><w:r w:rsidRPr="00860EE6"><w:rPr><w:rFonts w:cs="Times New Roman"/><w:b/><w:bCs/><w:rtl/></w:rPr><w:t xml:space="preserve">על-גבי </w:t></w:r><w:r w:rsidR="00E72CA5"><w:rPr><w:rFonts w:cs="Times New Roman" w:hint="cs"/><w:b/><w:bCs/><w:rtl/></w:rPr><w:t xml:space="preserve">מחברת הבחינה.  </w:t></w:r></w:p><w:p w:rsidR="005A6F89" w:rsidRPr="00860EE6" w:rsidRDefault="00E72CA5" w:rsidP="00E72CA5"><w:pPr><w:rPr><w:rFonts w:cs="Times New Roman"/><w:b/><w:bCs/><w:rtl/></w:rPr></w:pPr><w:r><w:rPr><w:rFonts w:cs="Times New Roman" w:hint="cs"/><w:b/><w:bCs/><w:rtl/></w:rPr><w:t xml:space="preserve">שים לב :  תשובות על גבי השאלון עצמו לא תיבדקנה ! </w:t></w:r></w:p><w:p w:rsidR="005A6F89" w:rsidRPr="00860EE6" w:rsidRDefault="005A6F89" w:rsidP="005A6F89"><w:pPr><w:rPr><w:rFonts w:cs="Times New Roman"/><w:b/><w:bCs/><w:rtl/></w:rPr></w:pPr></w:p><w:p w:rsidR="005A6F89" w:rsidRPr="00860EE6" w:rsidRDefault="005A6F89" w:rsidP="00265B2E"><w:pPr><w:numPr><w:ilvl w:val="0"/><w:numId w:val="14"/></w:numPr><w:tabs><w:tab w:val="left" w:pos="680"/></w:tabs><w:spacing w:after="0"/><w:ind w:left="0" w:right="-426"/><w:rPr><w:rFonts w:cs="Times New Roman"/><w:b/><w:bCs/><w:sz w:val="28"/><w:szCs w:val="28"/><w:rtl/></w:rPr></w:pPr><w:r w:rsidRPr="00860EE6"><w:rPr><w:rFonts w:cs="Times New Roman"/><w:b/><w:bCs/><w:sz w:val="28"/><w:szCs w:val="28"/><w:rtl/></w:rPr><w:t xml:space="preserve">מותר להשתמש אך ורק </w:t></w:r><w:r w:rsidR="00265B2E"><w:rPr><w:rFonts w:cs="Times New Roman" w:hint="cs"/><w:b/><w:bCs/><w:sz w:val="28"/><w:szCs w:val="28"/><w:rtl/></w:rPr><w:t xml:space="preserve">בקלסר </w:t></w:r><w:r w:rsidR="00E72CA5"><w:rPr><w:rFonts w:cs="Times New Roman" w:hint="cs"/><w:b/><w:bCs/><w:sz w:val="28"/><w:szCs w:val="28"/><w:rtl/></w:rPr><w:t xml:space="preserve">אחד </w:t></w:r><w:r w:rsidR="00265B2E"><w:rPr><w:rFonts w:cs="Times New Roman" w:hint="cs"/><w:b/><w:bCs/><w:sz w:val="28"/><w:szCs w:val="28"/><w:rtl/></w:rPr><w:t>עם חומר ההרצאות והתרגולים</w:t></w:r><w:r w:rsidRPr="00860EE6"><w:rPr><w:rFonts w:cs="Times New Roman"/><w:b/><w:bCs/><w:sz w:val="28"/><w:szCs w:val="28"/><w:rtl/></w:rPr><w:t xml:space="preserve"> של הקורס</w:t></w:r></w:p><w:p w:rsidR="005A6F89" w:rsidRPr="00192104" w:rsidRDefault="005A6F89" w:rsidP="00192104"><w:pPr><w:numPr><w:ilvl w:val="0"/><w:numId w:val="14"/></w:numPr><w:tabs><w:tab w:val="left" w:pos="680"/></w:tabs><w:spacing w:after="0"/><w:ind w:left="0" w:right="-426"/><w:rPr><w:rFonts w:cs="Times New Roman"/><w:b/><w:bCs/><w:sz w:val="28"/><w:szCs w:val="28"/><w:rtl/></w:rPr></w:pPr><w:r w:rsidRPr="00192104"><w:rPr><w:rFonts w:cs="Times New Roman"/><w:b/><w:bCs/><w:sz w:val="28"/><w:szCs w:val="28"/><w:rtl/></w:rPr><w:t xml:space="preserve">נא להחזיר את טפסי </w:t></w:r><w:r w:rsidR="00192104" w:rsidRPr="00192104"><w:rPr><w:rFonts w:cs="Times New Roman"/><w:b/><w:bCs/><w:sz w:val="28"/><w:szCs w:val="28"/><w:rtl/></w:rPr><w:t>המבחן בת</w:t></w:r><w:r w:rsidR="00192104" w:rsidRPr="00192104"><w:rPr><w:rFonts w:cs="Times New Roman" w:hint="cs"/><w:b/><w:bCs/><w:sz w:val="28"/><w:szCs w:val="28"/><w:rtl/></w:rPr><w:t>ו</w:t></w:r><w:r w:rsidR="00192104" w:rsidRPr="00192104"><w:rPr><w:rFonts w:cs="Times New Roman"/><w:b/><w:bCs/><w:sz w:val="28"/><w:szCs w:val="28"/><w:rtl/></w:rPr><w:t>ם המבחן</w:t></w:r><w:r w:rsidR="00192104" w:rsidRPr="00192104"><w:rPr><w:rFonts w:cs="Times New Roman" w:hint="cs"/><w:b/><w:bCs/><w:sz w:val="28"/><w:szCs w:val="28"/><w:rtl/></w:rPr><w:t>.</w:t></w:r></w:p><w:p w:rsidR="005A6F89" w:rsidRPr="00860EE6" w:rsidRDefault="005A6F89" w:rsidP="005A6F89"><w:pPr><w:rPr><w:rFonts w:cs="Times New Roman"/><w:b/><w:bCs/><w:sz w:val="28"/><w:szCs w:val="28"/><w:rtl/></w:rPr></w:pPr></w:p><w:p w:rsidR="00265B2E" w:rsidRDefault="00265B2E" w:rsidP="00265B2E"><w:pPr><w:jc w:val="center"/><w:rPr><w:rFonts w:cs="Times New Roman"/><w:b/><w:bCs/><w:sz w:val="40"/><w:szCs w:val="40"/><w:rtl/></w:rPr></w:pPr></w:p><w:p w:rsidR="00265B2E" w:rsidRDefault="00265B2E" w:rsidP="00265B2E"><w:pPr><w:jc w:val="center"/><w:rPr><w:rFonts w:cs="Times New Roman"/><w:b/><w:bCs/><w:sz w:val="40"/><w:szCs w:val="40"/><w:rtl/></w:rPr></w:pPr></w:p><w:p w:rsidR="005A6F89" w:rsidRPr="00265B2E" w:rsidRDefault="005A6F89" w:rsidP="00265B2E"><w:pPr><w:jc w:val="center"/><w:rPr><w:rFonts w:cs="Times New Roman"/><w:b/><w:bCs/><w:sz w:val="40"/><w:szCs w:val="40"/><w:rtl/></w:rPr></w:pPr><w:r w:rsidRPr="00265B2E"><w:rPr><w:rFonts w:cs="Times New Roman"/><w:b/><w:bCs/><w:sz w:val="40"/><w:szCs w:val="40"/><w:rtl/></w:rPr><w:t>בהצלחה!</w:t></w:r></w:p><w:p w:rsidR="00265B2E" w:rsidRDefault="00082575" w:rsidP="00192104"><w:pPr><w:spacing w:line="240" w:lineRule="auto"/><w:rPr><w:b/><w:bCs/><w:sz w:val="28"/><w:szCs w:val="28"/><w:rtl/></w:rPr></w:pPr><w:r><w:rPr><w:rFonts w:cs="Times New Roman"/><w:b/><w:bCs/></w:rPr><w:br w:type="page"/></w:r><w:r w:rsidR="00192104" w:rsidRPr="00192104"><w:rPr><w:rFonts w:hint="cs"/><w:b/><w:bCs/><w:sz w:val="28"/><w:szCs w:val="28"/><w:rtl/></w:rPr><w:lastRenderedPageBreak/><w:t xml:space="preserve">שאלה מס' 1  : </w:t></w:r></w:p><w:p w:rsidR="00B2380C" w:rsidRDefault="00B2380C" w:rsidP="00AA5DC9"><w:pPr><w:spacing w:line="240" w:lineRule="auto"/><w:rPr><w:b/><w:bCs/><w:sz w:val="28"/><w:szCs w:val="28"/><w:rtl/></w:rPr></w:pPr><w:r><w:rPr><w:rFonts w:hint="cs"/><w:b/><w:bCs/><w:sz w:val="28"/><w:szCs w:val="28"/><w:rtl/></w:rPr><w:t xml:space="preserve">סעיף א'   </w:t></w:r><w:r w:rsidR="00AA5DC9"><w:rPr><w:b/><w:bCs/><w:sz w:val="28"/><w:szCs w:val="28"/></w:rPr><w:t>12</w:t></w:r><w:r><w:rPr><w:rFonts w:hint="cs"/><w:b/><w:bCs/><w:sz w:val="28"/><w:szCs w:val="28"/><w:rtl/></w:rPr><w:t xml:space="preserve">   נק' :  </w:t></w:r></w:p><w:p w:rsidR="00B2380C" w:rsidRDefault="00AA5DC9" w:rsidP="00B2380C"><w:pPr><w:spacing w:line="240" w:lineRule="auto"/><w:rPr><w:noProof/><w:rtl/></w:rPr></w:pPr><w:r><w:rPr><w:noProof/></w:rPr><w:drawing><wp:inline distT="0" distB="0" distL="0" distR="0" wp14:anchorId="73F42783" wp14:editId="535E648D"><wp:extent cx="5652135" cy="4442460"/><wp:effectExtent l="0" t="0" r="5715" b="0"/><wp:docPr id="6" name="תמונה 6"/><wp:cNvGraphicFramePr><a:graphicFrameLocks xmlns:a="http://schemas.openxmlformats.org/drawingml/2006/main" noChangeAspect="1"/></wp:cNvGraphicFramePr><a:graphic xmlns:a="http://schemas.openxmlformats.org/drawingml/2006/main"><a:graphicData uri="http://schemas.openxmlformats.org/drawingml/2006/picture"><pic:pic xmlns:pic="http://schemas.openxmlformats.org/drawingml/2006/picture"><pic:nvPicPr><pic:cNvPr id="1" name=""/><pic:cNvPicPr/></pic:nvPicPr><pic:blipFill><a:blip r:embed="rId7"/><a:stretch><a:fillRect/></a:stretch></pic:blipFill><pic:spPr><a:xfrm><a:off x="0" y="0"/><a:ext cx="5652135" cy="4442460"/></a:xfrm><a:prstGeom prst="rect"><a:avLst/></a:prstGeom></pic:spPr></pic:pic></a:graphicData></a:graphic></wp:inline></w:drawing></w:r></w:p><w:p w:rsidR="00AA5DC9" w:rsidRDefault="00AA5DC9" w:rsidP="00B2380C"><w:pPr><w:spacing w:line="240" w:lineRule="auto"/><w:rPr><w:rFonts w:hint="cs"/><w:noProof/><w:rtl/></w:rPr></w:pPr><w:r><w:rPr><w:noProof/></w:rPr><w:drawing><wp:inline distT="0" distB="0" distL="0" distR="0" wp14:anchorId="3B6E200E" wp14:editId="5A885C2F"><wp:extent cx="5652135" cy="3921125"/><wp:effectExtent l="0" t="0" r="5715" b="3175"/><wp:docPr id="7" name="תמונה 7"/><wp:cNvGraphicFramePr><a:graphicFrameLocks xmlns:a="http://schemas.openxmlformats.org/drawingml/2006/main" noChangeAspect="1"/></wp:cNvGraphicFramePr><a:graphic xmlns:a="http://schemas.openxmlformats.org/drawingml/2006/main"><a:graphicData uri="http://schemas.openxmlformats.org/drawingml/2006/picture"><pic:pic xmlns:pic="http://schemas.openxmlformats.org/drawingml/2006/picture"><pic:nvPicPr><pic:cNvPr id="1" name=""/><pic:cNvPicPr/></pic:nvPicPr><pic:blipFill><a:blip r:embed="rId8"/><a:stretch><a:fillRect/></a:stretch></pic:blipFill><pic:spPr><a:xfrm><a:off x="0" y="0"/><a:ext cx="5652135" cy="3921125"/></a:xfrm><a:prstGeom prst="rect"><a:avLst/></a:prstGeom></pic:spPr></pic:pic></a:graphicData></a:graphic></wp:inline></w:drawing></w:r></w:p><w:p w:rsidR="00B2380C" w:rsidRDefault="00AA5DC9" w:rsidP="00B2380C"><w:pPr><w:spacing w:line="240" w:lineRule="auto"/><w:rPr><w:noProof/><w:rtl/></w:rPr></w:pPr><w:r><w:rPr><w:noProof/></w:rPr><w:lastRenderedPageBreak/><w:drawing><wp:inline distT="0" distB="0" distL="0" distR="0" wp14:anchorId="65FAD8E8" wp14:editId="64106F4B"><wp:extent cx="5652135" cy="3731260"/><wp:effectExtent l="0" t="0" r="5715" b="2540"/><wp:docPr id="8" name="תמונה 8"/><wp:cNvGraphicFramePr><a:graphicFrameLocks xmlns:a="http://schemas.openxmlformats.org/drawingml/2006/main" noChangeAspect="1"/></wp:cNvGraphicFramePr><a:graphic xmlns:a="http://schemas.openxmlformats.org/drawingml/2006/main"><a:graphicData uri="http://schemas.openxmlformats.org/drawingml/2006/picture"><pic:pic xmlns:pic="http://schemas.openxmlformats.org/drawingml/2006/picture"><pic:nvPicPr><pic:cNvPr id="1" name=""/><pic:cNvPicPr/></pic:nvPicPr><pic:blipFill><a:blip r:embed="rId9"/><a:stretch><a:fillRect/></a:stretch></pic:blipFill><pic:spPr><a:xfrm><a:off x="0" y="0"/><a:ext cx="5652135" cy="3731260"/></a:xfrm><a:prstGeom prst="rect"><a:avLst/></a:prstGeom></pic:spPr></pic:pic></a:graphicData></a:graphic></wp:inline></w:drawing></w:r></w:p><w:p w:rsidR="00AA5DC9" w:rsidRDefault="00AA5DC9" w:rsidP="00B2380C"><w:pPr><w:spacing w:line="240" w:lineRule="auto"/><w:rPr><w:noProof/><w:rtl/></w:rPr></w:pPr><w:r><w:rPr><w:noProof/></w:rPr><w:drawing><wp:inline distT="0" distB="0" distL="0" distR="0" wp14:anchorId="38080048" wp14:editId="5B34DFF4"><wp:extent cx="5362575" cy="762000"/><wp:effectExtent l="0" t="0" r="9525" b="0"/><wp:docPr id="10" name="תמונה 10"/><wp:cNvGraphicFramePr><a:graphicFrameLocks xmlns:a="http://schemas.openxmlformats.org/drawingml/2006/main" noChangeAspect="1"/></wp:cNvGraphicFramePr><a:graphic xmlns:a="http://schemas.openxmlformats.org/drawingml/2006/main"><a:graphicData uri="http://schemas.openxmlformats.org/drawingml/2006/picture"><pic:pic xmlns:pic="http://schemas.openxmlformats.org/drawingml/2006/picture"><pic:nvPicPr><pic:cNvPr id="1" name=""/><pic:cNvPicPr/></pic:nvPicPr><pic:blipFill><a:blip r:embed="rId10"/><a:stretch><a:fillRect/></a:stretch></pic:blipFill><pic:spPr><a:xfrm><a:off x="0" y="0"/><a:ext cx="5362575" cy="762000"/></a:xfrm><a:prstGeom prst="rect"><a:avLst/></a:prstGeom></pic:spPr></pic:pic></a:graphicData></a:graphic></wp:inline></w:drawing></w:r></w:p><w:p w:rsidR="00AA5DC9" w:rsidRDefault="00AA5DC9" w:rsidP="00B2380C"><w:pPr><w:spacing w:line="240" w:lineRule="auto"/><w:rPr><w:noProof/><w:rtl/></w:rPr></w:pPr><w:r><w:rPr><w:noProof/></w:rPr><w:drawing><wp:inline distT="0" distB="0" distL="0" distR="0" wp14:anchorId="13C8BD8D" wp14:editId="710692CE"><wp:extent cx="5343525" cy="1095375"/><wp:effectExtent l="0" t="0" r="9525" b="9525"/><wp:docPr id="11" name="תמונה 11"/><wp:cNvGraphicFramePr><a:graphicFrameLocks xmlns:a="http://schemas.openxmlformats.org/drawingml/2006/main" noChangeAspect="1"/></wp:cNvGraphicFramePr><a:graphic xmlns:a="http://schemas.openxmlformats.org/drawingml/2006/main"><a:graphicData uri="http://schemas.openxmlformats.org/drawingml/2006/picture"><pic:pic xmlns:pic="http://schemas.openxmlformats.org/drawingml/2006/picture"><pic:nvPicPr><pic:cNvPr id="1" name=""/><pic:cNvPicPr/></pic:nvPicPr><pic:blipFill><a:blip r:embed="rId11"/><a:stretch><a:fillRect/></a:stretch></pic:blipFill><pic:spPr><a:xfrm><a:off x="0" y="0"/><a:ext cx="5343525" cy="1095375"/></a:xfrm><a:prstGeom prst="rect"><a:avLst/></a:prstGeom></pic:spPr></pic:pic></a:graphicData></a:graphic></wp:inline></w:drawing></w:r></w:p><w:p w:rsidR="00AA5DC9" w:rsidRDefault="00AA5DC9" w:rsidP="00B2380C"><w:pPr><w:spacing w:line="240" w:lineRule="auto"/><w:rPr><w:noProof/><w:rtl/></w:rPr></w:pPr><w:r><w:rPr><w:noProof/></w:rPr><w:drawing><wp:inline distT="0" distB="0" distL="0" distR="0" wp14:anchorId="0C7EE3D5" wp14:editId="5A637D52"><wp:extent cx="5305425" cy="1123950"/><wp:effectExtent l="0" t="0" r="9525" b="0"/><wp:docPr id="12" name="תמונה 12"/><wp:cNvGraphicFramePr><a:graphicFrameLocks xmlns:a="http://schemas.openxmlformats.org/drawingml/2006/main" noChangeAspect="1"/></wp:cNvGraphicFramePr><a:graphic xmlns:a="http://schemas.openxmlformats.org/drawingml/2006/main"><a:graphicData uri="http://schemas.openxmlformats.org/drawingml/2006/picture"><pic:pic xmlns:pic="http://schemas.openxmlformats.org/drawingml/2006/picture"><pic:nvPicPr><pic:cNvPr id="1" name=""/><pic:cNvPicPr/></pic:nvPicPr><pic:blipFill><a:blip r:embed="rId12"/><a:stretch><a:fillRect/></a:stretch></pic:blipFill><pic:spPr><a:xfrm><a:off x="0" y="0"/><a:ext cx="5305425" cy="1123950"/></a:xfrm><a:prstGeom prst="rect"><a:avLst/></a:prstGeom></pic:spPr></pic:pic></a:graphicData></a:graphic></wp:inline></w:drawing></w:r></w:p><w:p w:rsidR="00AA5DC9" w:rsidRDefault="00AA5DC9" w:rsidP="00B2380C"><w:pPr><w:spacing w:line="240" w:lineRule="auto"/><w:rPr><w:noProof/><w:rtl/></w:rPr></w:pPr><w:r><w:rPr><w:noProof/></w:rPr><w:drawing><wp:inline distT="0" distB="0" distL="0" distR="0" wp14:anchorId="5D8C8A14" wp14:editId="4CE205DD"><wp:extent cx="5314950" cy="828675"/><wp:effectExtent l="0" t="0" r="0" b="9525"/><wp:docPr id="13" name="תמונה 13"/><wp:cNvGraphicFramePr><a:graphicFrameLocks xmlns:a="http://schemas.openxmlformats.org/drawingml/2006/main" noChangeAspect="1"/></wp:cNvGraphicFramePr><a:graphic xmlns:a="http://schemas.openxmlformats.org/drawingml/2006/main"><a:graphicData uri="http://schemas.openxmlformats.org/drawingml/2006/picture"><pic:pic xmlns:pic="http://schemas.openxmlformats.org/drawingml/2006/picture"><pic:nvPicPr><pic:cNvPr id="1" name=""/><pic:cNvPicPr/></pic:nvPicPr><pic:blipFill><a:blip r:embed="rId13"/><a:stretch><a:fillRect/></a:stretch></pic:blipFill><pic:spPr><a:xfrm><a:off x="0" y="0"/><a:ext cx="5314950" cy="828675"/></a:xfrm><a:prstGeom prst="rect"><a:avLst/></a:prstGeom></pic:spPr></pic:pic></a:graphicData></a:graphic></wp:inline></w:drawing></w:r></w:p><w:p w:rsidR="00AA5DC9" w:rsidRDefault="00AA5DC9" w:rsidP="00B2380C"><w:pPr><w:spacing w:line="240" w:lineRule="auto"/><w:rPr><w:rFonts w:hint="cs"/><w:noProof/><w:rtl/></w:rPr></w:pPr><w:r><w:rPr><w:noProof/></w:rPr><w:drawing><wp:inline distT="0" distB="0" distL="0" distR="0" wp14:anchorId="75D5BE4F" wp14:editId="24109C4F"><wp:extent cx="5305425" cy="781050"/><wp:effectExtent l="0" t="0" r="9525" b="0"/><wp:docPr id="14" name="תמונה 14"/><wp:cNvGraphicFramePr><a:graphicFrameLocks xmlns:a="http://schemas.openxmlformats.org/drawingml/2006/main" noChangeAspect="1"/></wp:cNvGraphicFramePr><a:graphic xmlns:a="http://schemas.openxmlformats.org/drawingml/2006/main"><a:graphicData uri="http://schemas.openxmlformats.org/drawingml/2006/picture"><pic:pic xmlns:pic="http://schemas.openxmlformats.org/drawingml/2006/picture"><pic:nvPicPr><pic:cNvPr id="1" name=""/><pic:cNvPicPr/></pic:nvPicPr><pic:blipFill><a:blip r:embed="rId14"/><a:stretch><a:fillRect/></a:stretch></pic:blipFill><pic:spPr><a:xfrm><a:off x="0" y="0"/><a:ext cx="5305425" cy="781050"/></a:xfrm><a:prstGeom prst="rect"><a:avLst/></a:prstGeom></pic:spPr></pic:pic></a:graphicData></a:graphic></wp:inline></w:drawing></w:r></w:p><w:p w:rsidR="00B2380C" w:rsidRPr="00366D18" w:rsidRDefault="00B2380C" w:rsidP="00A14A00"><w:pPr><w:bidi w:val="0"/><w:spacing w:line="240" w:lineRule="auto"/><w:ind w:left="720"/><w:jc w:val="right"/><w:rPr><w:noProof/><w:rtl/></w:rPr></w:pPr><w:r><w:rPr><w:b/><w:bCs/><w:sz w:val="28"/><w:szCs w:val="28"/><w:rtl/></w:rPr><w:br w:type="page"/></w:r><w:r w:rsidRPr="00366D18"><w:rPr><w:rFonts w:hint="cs"/><w:b/><w:bCs/><w:sz w:val="28"/><w:szCs w:val="28"/><w:rtl/></w:rPr><w:lastRenderedPageBreak/><w:t>סעיף ב'</w:t></w:r><w:r><w:rPr><w:rFonts w:hint="cs"/><w:b/><w:bCs/><w:sz w:val="28"/><w:szCs w:val="28"/><w:rtl/></w:rPr><w:t xml:space="preserve">  </w:t></w:r><w:r w:rsidRPr="00366D18"><w:rPr><w:rFonts w:hint="cs"/><w:b/><w:bCs/><w:sz w:val="28"/><w:szCs w:val="28"/><w:rtl/></w:rPr><w:t xml:space="preserve"> </w:t></w:r><w:r w:rsidR="00A14A00"><w:rPr><w:rFonts w:hint="cs"/><w:b/><w:bCs/><w:sz w:val="28"/><w:szCs w:val="28"/><w:rtl/></w:rPr><w:t>10</w:t></w:r><w:r><w:rPr><w:rFonts w:hint="cs"/><w:b/><w:bCs/><w:sz w:val="28"/><w:szCs w:val="28"/><w:rtl/></w:rPr><w:t xml:space="preserve">  נק'  </w:t></w:r><w:r w:rsidRPr="00366D18"><w:rPr><w:rFonts w:hint="cs"/><w:b/><w:bCs/><w:sz w:val="28"/><w:szCs w:val="28"/><w:rtl/></w:rPr><w:t xml:space="preserve">-  </w:t></w:r></w:p><w:p w:rsidR="00A14A00" w:rsidRDefault="00A14A00" w:rsidP="008C46CE"><w:pPr><w:spacing w:line="240" w:lineRule="auto"/><w:rPr><w:b/><w:bCs/><w:sz w:val="28"/><w:szCs w:val="28"/><w:u w:val="single"/><w:rtl/></w:rPr></w:pPr><w:r><w:rPr><w:noProof/></w:rPr><w:drawing><wp:inline distT="0" distB="0" distL="0" distR="0" wp14:anchorId="4DC64354" wp14:editId="7BA3DC06"><wp:extent cx="5337810" cy="3519560"/><wp:effectExtent l="0" t="0" r="0" b="5080"/><wp:docPr id="1" name="תמונה 1"/><wp:cNvGraphicFramePr><a:graphicFrameLocks xmlns:a="http://schemas.openxmlformats.org/drawingml/2006/main" noChangeAspect="1"/></wp:cNvGraphicFramePr><a:graphic xmlns:a="http://schemas.openxmlformats.org/drawingml/2006/main"><a:graphicData uri="http://schemas.openxmlformats.org/drawingml/2006/picture"><pic:pic xmlns:pic="http://schemas.openxmlformats.org/drawingml/2006/picture"><pic:nvPicPr><pic:cNvPr id="1" name=""/><pic:cNvPicPr/></pic:nvPicPr><pic:blipFill><a:blip r:embed="rId15"/><a:stretch><a:fillRect/></a:stretch></pic:blipFill><pic:spPr><a:xfrm><a:off x="0" y="0"/><a:ext cx="5337810" cy="3519560"/></a:xfrm><a:prstGeom prst="rect"><a:avLst/></a:prstGeom></pic:spPr></pic:pic></a:graphicData></a:graphic></wp:inline></w:drawing></w:r></w:p><w:p w:rsidR="00A14A00" w:rsidRDefault="00A14A00" w:rsidP="008C46CE"><w:pPr><w:spacing w:line="240" w:lineRule="auto"/><w:rPr><w:b/><w:bCs/><w:sz w:val="28"/><w:szCs w:val="28"/><w:u w:val="single"/><w:rtl/></w:rPr></w:pPr></w:p><w:p w:rsidR="00A14A00" w:rsidRDefault="00A14A00" w:rsidP="008C46CE"><w:pPr><w:spacing w:line="240" w:lineRule="auto"/><w:rPr><w:b/><w:bCs/><w:sz w:val="28"/><w:szCs w:val="28"/><w:u w:val="single"/><w:rtl/></w:rPr></w:pPr></w:p><w:p w:rsidR="00A14A00" w:rsidRDefault="00A14A00" w:rsidP="008C46CE"><w:pPr><w:spacing w:line="240" w:lineRule="auto"/><w:rPr><w:rFonts w:hint="cs"/><w:b/><w:bCs/><w:sz w:val="28"/><w:szCs w:val="28"/><w:u w:val="single"/><w:rtl/></w:rPr></w:pPr></w:p><w:p w:rsidR="00A14A00" w:rsidRDefault="00A14A00" w:rsidP="008C46CE"><w:pPr><w:spacing w:line="240" w:lineRule="auto"/><w:rPr><w:b/><w:bCs/><w:sz w:val="28"/><w:szCs w:val="28"/><w:u w:val="single"/><w:rtl/></w:rPr></w:pPr><w:r><w:rPr><w:noProof/></w:rPr><w:drawing><wp:inline distT="0" distB="0" distL="0" distR="0" wp14:anchorId="5FCB2F60" wp14:editId="4B68EC09"><wp:extent cx="5543550" cy="3276600"/><wp:effectExtent l="0" t="0" r="0" b="0"/><wp:docPr id="15" name="תמונה 15"/><wp:cNvGraphicFramePr><a:graphicFrameLocks xmlns:a="http://schemas.openxmlformats.org/drawingml/2006/main" noChangeAspect="1"/></wp:cNvGraphicFramePr><a:graphic xmlns:a="http://schemas.openxmlformats.org/drawingml/2006/main"><a:graphicData uri="http://schemas.openxmlformats.org/drawingml/2006/picture"><pic:pic xmlns:pic="http://schemas.openxmlformats.org/drawingml/2006/picture"><pic:nvPicPr><pic:cNvPr id="1" name=""/><pic:cNvPicPr/></pic:nvPicPr><pic:blipFill><a:blip r:embed="rId16"/><a:stretch><a:fillRect/></a:stretch></pic:blipFill><pic:spPr><a:xfrm><a:off x="0" y="0"/><a:ext cx="5543550" cy="3276600"/></a:xfrm><a:prstGeom prst="rect"><a:avLst/></a:prstGeom></pic:spPr></pic:pic></a:graphicData></a:graphic></wp:inline></w:drawing></w:r></w:p><w:p w:rsidR="00A14A00" w:rsidRDefault="00A14A00" w:rsidP="008C46CE"><w:pPr><w:spacing w:line="240" w:lineRule="auto"/><w:rPr><w:b/><w:bCs/><w:sz w:val="28"/><w:szCs w:val="28"/><w:u w:val="single"/><w:rtl/></w:rPr></w:pPr><w:r><w:rPr><w:noProof/></w:rPr><w:lastRenderedPageBreak/><w:drawing><wp:inline distT="0" distB="0" distL="0" distR="0" wp14:anchorId="38382792" wp14:editId="3DF22579"><wp:extent cx="5070949" cy="2619375"/><wp:effectExtent l="0" t="0" r="0" b="0"/><wp:docPr id="16" name="תמונה 16"/><wp:cNvGraphicFramePr><a:graphicFrameLocks xmlns:a="http://schemas.openxmlformats.org/drawingml/2006/main" noChangeAspect="1"/></wp:cNvGraphicFramePr><a:graphic xmlns:a="http://schemas.openxmlformats.org/drawingml/2006/main"><a:graphicData uri="http://schemas.openxmlformats.org/drawingml/2006/picture"><pic:pic xmlns:pic="http://schemas.openxmlformats.org/drawingml/2006/picture"><pic:nvPicPr><pic:cNvPr id="1" name=""/><pic:cNvPicPr/></pic:nvPicPr><pic:blipFill><a:blip r:embed="rId17"/><a:stretch><a:fillRect/></a:stretch></pic:blipFill><pic:spPr><a:xfrm><a:off x="0" y="0"/><a:ext cx="5097839" cy="2633265"/></a:xfrm><a:prstGeom prst="rect"><a:avLst/></a:prstGeom></pic:spPr></pic:pic></a:graphicData></a:graphic></wp:inline></w:drawing></w:r></w:p><w:p w:rsidR="00A14A00" w:rsidRDefault="00A14A00" w:rsidP="008C46CE"><w:pPr><w:spacing w:line="240" w:lineRule="auto"/><w:rPr><w:b/><w:bCs/><w:sz w:val="28"/><w:szCs w:val="28"/><w:u w:val="single"/><w:rtl/></w:rPr></w:pPr><w:r><w:rPr><w:noProof/></w:rPr><w:drawing><wp:inline distT="0" distB="0" distL="0" distR="0" wp14:anchorId="2D5CB119" wp14:editId="003BB76E"><wp:extent cx="5448300" cy="285750"/><wp:effectExtent l="0" t="0" r="0" b="0"/><wp:docPr id="18" name="תמונה 18"/><wp:cNvGraphicFramePr><a:graphicFrameLocks xmlns:a="http://schemas.openxmlformats.org/drawingml/2006/main" noChangeAspect="1"/></wp:cNvGraphicFramePr><a:graphic xmlns:a="http://schemas.openxmlformats.org/drawingml/2006/main"><a:graphicData uri="http://schemas.openxmlformats.org/drawingml/2006/picture"><pic:pic xmlns:pic="http://schemas.openxmlformats.org/drawingml/2006/picture"><pic:nvPicPr><pic:cNvPr id="1" name=""/><pic:cNvPicPr/></pic:nvPicPr><pic:blipFill><a:blip r:embed="rId18"/><a:stretch><a:fillRect/></a:stretch></pic:blipFill><pic:spPr><a:xfrm><a:off x="0" y="0"/><a:ext cx="5448300" cy="285750"/></a:xfrm><a:prstGeom prst="rect"><a:avLst/></a:prstGeom></pic:spPr></pic:pic></a:graphicData></a:graphic></wp:inline></w:drawing></w:r></w:p><w:p w:rsidR="00A14A00" w:rsidRDefault="00A14A00" w:rsidP="008C46CE"><w:pPr><w:spacing w:line="240" w:lineRule="auto"/><w:rPr><w:b/><w:bCs/><w:sz w:val="28"/><w:szCs w:val="28"/><w:u w:val="single"/><w:rtl/></w:rPr></w:pPr><w:r w:rsidRPr="009E1F20"><w:pict><v:shape id="תמונה 20" o:spid="_x0000_i1025" type="#_x0000_t75" style="width:35.25pt;height:15.75pt;visibility:visible;mso-wrap-style:square"><v:imagedata r:id="rId19" o:title=""/></v:shape></w:pict></w:r><w:r w:rsidRPr="00A14A00"><w:rPr><w:noProof/><w:sz w:val="28"/><w:szCs w:val="28"/><w:rtl/></w:rPr><w:drawing><wp:inline distT="0" distB="0" distL="0" distR="0"><wp:extent cx="5400675" cy="942975"/><wp:effectExtent l="0" t="0" r="9525" b="9525"/><wp:docPr id="19" name="תמונה 19" descr="C:\Users\Dario\Desktop\Capture.PNG"/><wp:cNvGraphicFramePr><a:graphicFrameLocks xmlns:a="http://schemas.openxmlformats.org/drawingml/2006/main" noChangeAspect="1"/></wp:cNvGraphicFramePr><a:graphic xmlns:a="http://schemas.openxmlformats.org/drawingml/2006/main"><a:graphicData uri="http://schemas.openxmlformats.org/drawingml/2006/picture"><pic:pic xmlns:pic="http://schemas.openxmlformats.org/drawingml/2006/picture"><pic:nvPicPr><pic:cNvPr id="0" name="Picture 1" descr="C:\Users\Dario\Desktop\Capture.PNG"/><pic:cNvPicPr><a:picLocks noChangeAspect="1" noChangeArrowheads="1"/></pic:cNvPicPr></pic:nvPicPr><pic:blipFill><a:blip r:embed="rId20"><a:extLst><a:ext uri="{28A0092B-C50C-407E-A947-70E740481C1C}"><a14:useLocalDpi xmlns:a14="http://schemas.microsoft.com/office/drawing/2010/main" val="0"/></a:ext></a:extLst></a:blip><a:srcRect/><a:stretch><a:fillRect/></a:stretch></pic:blipFill><pic:spPr bwMode="auto"><a:xfrm><a:off x="0" y="0"/><a:ext cx="5400675" cy="942975"/></a:xfrm><a:prstGeom prst="rect"><a:avLst/></a:prstGeom><a:noFill/><a:ln><a:noFill/></a:ln></pic:spPr></pic:pic></a:graphicData></a:graphic></wp:inline></w:drawing></w:r></w:p><w:p w:rsidR="008C46CE" w:rsidRDefault="008C46CE" w:rsidP="0079005F"><w:pPr><w:spacing w:line="240" w:lineRule="auto"/><w:rPr><w:b/><w:bCs/><w:sz w:val="28"/><w:szCs w:val="28"/><w:u w:val="single"/><w:rtl/></w:rPr></w:pPr><w:r w:rsidRPr="00134F82"><w:rPr><w:rFonts w:hint="cs"/><w:b/><w:bCs/><w:sz w:val="28"/><w:szCs w:val="28"/><w:u w:val="single"/><w:rtl/></w:rPr><w:t xml:space="preserve">סעיף </w:t></w:r><w:r w:rsidR="0079005F"><w:rPr><w:rFonts w:hint="cs"/><w:b/><w:bCs/><w:sz w:val="28"/><w:szCs w:val="28"/><w:u w:val="single"/><w:rtl/></w:rPr><w:t>ג</w:t></w:r><w:r w:rsidRPr="00134F82"><w:rPr><w:rFonts w:hint="cs"/><w:b/><w:bCs/><w:sz w:val="28"/><w:szCs w:val="28"/><w:u w:val="single"/><w:rtl/></w:rPr><w:t xml:space="preserve">'   </w:t></w:r><w:r w:rsidR="00D9605F"><w:rPr><w:rFonts w:hint="cs"/><w:b/><w:bCs/><w:sz w:val="28"/><w:szCs w:val="28"/><w:u w:val="single"/><w:rtl/></w:rPr><w:t>8</w:t></w:r><w:r><w:rPr><w:rFonts w:hint="cs"/><w:b/><w:bCs/><w:sz w:val="28"/><w:szCs w:val="28"/><w:u w:val="single"/><w:rtl/></w:rPr><w:t xml:space="preserve"> </w:t></w:r><w:r w:rsidRPr="00134F82"><w:rPr><w:rFonts w:hint="cs"/><w:b/><w:bCs/><w:sz w:val="28"/><w:szCs w:val="28"/><w:u w:val="single"/><w:rtl/></w:rPr><w:t xml:space="preserve">   נק' :  </w:t></w:r></w:p><w:p w:rsidR="008C46CE" w:rsidRPr="00A510CA" w:rsidRDefault="00D9605F" w:rsidP="008C46CE"><w:pPr><w:spacing w:line="240" w:lineRule="auto"/><w:rPr><w:rtl/></w:rPr></w:pPr><w:r><w:rPr><w:rFonts w:hint="cs"/><w:rtl/></w:rPr><w:t>נתונות המחלקות הבאות :</w:t></w:r></w:p><w:p w:rsidR="0079005F" w:rsidRDefault="00D9605F" w:rsidP="0079005F"><w:pPr><w:spacing w:line="300" w:lineRule="atLeast"/><w:rPr><w:b/><w:bCs/><w:sz w:val="32"/><w:szCs w:val="32"/><w:rtl/></w:rPr></w:pPr><w:r><w:rPr><w:noProof/></w:rPr><w:drawing><wp:inline distT="0" distB="0" distL="0" distR="0" wp14:anchorId="63EEB243" wp14:editId="58F4812C"><wp:extent cx="6082699" cy="2466975"/><wp:effectExtent l="0" t="0" r="0" b="0"/><wp:docPr id="21" name="תמונה 21"/><wp:cNvGraphicFramePr><a:graphicFrameLocks xmlns:a="http://schemas.openxmlformats.org/drawingml/2006/main" noChangeAspect="1"/></wp:cNvGraphicFramePr><a:graphic xmlns:a="http://schemas.openxmlformats.org/drawingml/2006/main"><a:graphicData uri="http://schemas.openxmlformats.org/drawingml/2006/picture"><pic:pic xmlns:pic="http://schemas.openxmlformats.org/drawingml/2006/picture"><pic:nvPicPr><pic:cNvPr id="1" name=""/><pic:cNvPicPr/></pic:nvPicPr><pic:blipFill><a:blip r:embed="rId21"/><a:stretch><a:fillRect/></a:stretch></pic:blipFill><pic:spPr><a:xfrm><a:off x="0" y="0"/><a:ext cx="6083601" cy="2467341"/></a:xfrm><a:prstGeom prst="rect"><a:avLst/></a:prstGeom></pic:spPr></pic:pic></a:graphicData></a:graphic></wp:inline></w:drawing></w:r></w:p><w:p w:rsidR="0079005F" w:rsidRDefault="0079005F" w:rsidP="0079005F"><w:pPr><w:spacing w:line="300" w:lineRule="atLeast"/><w:rPr><w:b/><w:bCs/><w:sz w:val="32"/><w:szCs w:val="32"/><w:rtl/></w:rPr></w:pPr><w:r><w:rPr><w:noProof/></w:rPr><w:drawing><wp:inline distT="0" distB="0" distL="0" distR="0" wp14:anchorId="0CDBBD45" wp14:editId="2DDCC5F6"><wp:extent cx="5652135" cy="467995"/><wp:effectExtent l="0" t="0" r="5715" b="8255"/><wp:docPr id="22" name="תמונה 22"/><wp:cNvGraphicFramePr><a:graphicFrameLocks xmlns:a="http://schemas.openxmlformats.org/drawingml/2006/main" noChangeAspect="1"/></wp:cNvGraphicFramePr><a:graphic xmlns:a="http://schemas.openxmlformats.org/drawingml/2006/main"><a:graphicData uri="http://schemas.openxmlformats.org/drawingml/2006/picture"><pic:pic xmlns:pic="http://schemas.openxmlformats.org/drawingml/2006/picture"><pic:nvPicPr><pic:cNvPr id="1" name=""/><pic:cNvPicPr/></pic:nvPicPr><pic:blipFill><a:blip r:embed="rId22"/><a:stretch><a:fillRect/></a:stretch></pic:blipFill><pic:spPr><a:xfrm><a:off x="0" y="0"/><a:ext cx="5652135" cy="467995"/></a:xfrm><a:prstGeom prst="rect"><a:avLst/></a:prstGeom></pic:spPr></pic:pic></a:graphicData></a:graphic></wp:inline></w:drawing></w:r></w:p><w:p w:rsidR="0079005F" w:rsidRPr="0079005F" w:rsidRDefault="0079005F" w:rsidP="0079005F"><w:pPr><w:spacing w:line="300" w:lineRule="atLeast"/><w:rPr><w:b/><w:bCs/><w:sz w:val="32"/><w:szCs w:val="32"/></w:rPr></w:pPr><w:r><w:rPr><w:noProof/></w:rPr><w:drawing><wp:inline distT="0" distB="0" distL="0" distR="0" wp14:anchorId="1F1A8D6E" wp14:editId="2185CB86"><wp:extent cx="5652135" cy="1311910"/><wp:effectExtent l="0" t="0" r="5715" b="2540"/><wp:docPr id="24" name="תמונה 24"/><wp:cNvGraphicFramePr><a:graphicFrameLocks xmlns:a="http://schemas.openxmlformats.org/drawingml/2006/main" noChangeAspect="1"/></wp:cNvGraphicFramePr><a:graphic xmlns:a="http://schemas.openxmlformats.org/drawingml/2006/main"><a:graphicData uri="http://schemas.openxmlformats.org/drawingml/2006/picture"><pic:pic xmlns:pic="http://schemas.openxmlformats.org/drawingml/2006/picture"><pic:nvPicPr><pic:cNvPr id="1" name=""/><pic:cNvPicPr/></pic:nvPicPr><pic:blipFill><a:blip r:embed="rId23"/><a:stretch><a:fillRect/></a:stretch></pic:blipFill><pic:spPr><a:xfrm><a:off x="0" y="0"/><a:ext cx="5652135" cy="1311910"/></a:xfrm><a:prstGeom prst="rect"><a:avLst/></a:prstGeom></pic:spPr></pic:pic></a:graphicData></a:graphic></wp:inline></w:drawing></w:r></w:p><w:p w:rsidR="0079005F" w:rsidRDefault="0079005F"><w:pPr><w:bidi w:val="0"/><w:spacing w:after="0" w:line="240" w:lineRule="auto"/><w:jc w:val="left"/><w:rPr><w:b/><w:bCs/><w:sz w:val="32"/><w:szCs w:val="32"/><w:rtl/></w:rPr></w:pPr></w:p><w:p w:rsidR="00192104" w:rsidRDefault="00CA19E4" w:rsidP="00134F82"><w:pPr><w:spacing w:line="300" w:lineRule="atLeast"/><w:rPr><w:rFonts w:hint="cs"/><w:b/><w:bCs/><w:sz w:val="32"/><w:szCs w:val="32"/><w:rtl/></w:rPr></w:pPr><w:r><w:rPr><w:rFonts w:hint="cs"/><w:b/><w:bCs/><w:sz w:val="32"/><w:szCs w:val="32"/><w:rtl/></w:rPr><w:t>שאלה מספר 2 :</w:t></w:r></w:p><w:p w:rsidR="003765E2" w:rsidRDefault="00CA19E4" w:rsidP="003765E2"><w:pPr><w:spacing w:line="300" w:lineRule="atLeast"/><w:rPr><w:rtl/></w:rPr></w:pPr><w:r w:rsidRPr="000A5BFA"><w:rPr><w:rFonts w:hint="cs"/><w:rtl/></w:rPr><w:t xml:space="preserve">המחלקה  </w:t></w:r><w:proofErr w:type="spellStart"/><w:r w:rsidR="003765E2"><w:rPr><w:b/><w:bCs/></w:rPr><w:t>BingoCard</w:t></w:r><w:proofErr w:type="spellEnd"/><w:r w:rsidRPr="000A5BFA"><w:t xml:space="preserve"> </w:t></w:r><w:r w:rsidRPr="000A5BFA"><w:rPr><w:rFonts w:hint="cs"/><w:rtl/></w:rPr><w:t xml:space="preserve"> מייצגת</w:t></w:r><w:r w:rsidR="00AD7BA8"><w:rPr><w:rFonts w:hint="cs"/><w:rtl/></w:rPr><w:t xml:space="preserve"> </w:t></w:r><w:r w:rsidR="003765E2"><w:rPr><w:rFonts w:hint="cs"/><w:rtl/></w:rPr><w:t>כרטיס של משחק בינגו</w:t></w:r><w:r w:rsidR="00F9127B" w:rsidRPr="000A5BFA"><w:rPr><w:rFonts w:hint="cs"/><w:rtl/></w:rPr><w:t xml:space="preserve">. </w:t></w:r><w:r w:rsidR="003765E2"><w:rPr><w:rFonts w:hint="cs"/><w:rtl/></w:rPr><w:t xml:space="preserve">כל כרטיס בינגו מכיל מטריצה </w:t></w:r><w:r w:rsidR="003765E2"><w:t>5X5</w:t></w:r><w:r w:rsidR="003765E2"><w:rPr><w:rFonts w:hint="cs"/><w:rtl/></w:rPr><w:t xml:space="preserve"> של מספרים בטווח 1-75 , כאשר במרכז מופיע המספר  0  לדוגמא :</w:t></w:r></w:p><w:p w:rsidR="003765E2" w:rsidRDefault="003765E2" w:rsidP="003765E2"><w:pPr><w:spacing w:line="300" w:lineRule="atLeast"/><w:jc w:val="center"/><w:rPr><w:rtl/></w:rPr></w:pPr><w:r><w:rPr><w:noProof/></w:rPr><w:drawing><wp:inline distT="0" distB="0" distL="0" distR="0" wp14:anchorId="069E92AF" wp14:editId="64C59366"><wp:extent cx="2124075" cy="1981351"/><wp:effectExtent l="0" t="0" r="0" b="0"/><wp:docPr id="25" name="תמונה 25"/><wp:cNvGraphicFramePr><a:graphicFrameLocks xmlns:a="http://schemas.openxmlformats.org/drawingml/2006/main" noChangeAspect="1"/></wp:cNvGraphicFramePr><a:graphic xmlns:a="http://schemas.openxmlformats.org/drawingml/2006/main"><a:graphicData uri="http://schemas.openxmlformats.org/drawingml/2006/picture"><pic:pic xmlns:pic="http://schemas.openxmlformats.org/drawingml/2006/picture"><pic:nvPicPr><pic:cNvPr id="1" name=""/><pic:cNvPicPr/></pic:nvPicPr><pic:blipFill><a:blip r:embed="rId24"/><a:stretch><a:fillRect/></a:stretch></pic:blipFill><pic:spPr><a:xfrm><a:off x="0" y="0"/><a:ext cx="2127120" cy="1984191"/></a:xfrm><a:prstGeom prst="rect"><a:avLst/></a:prstGeom></pic:spPr></pic:pic></a:graphicData></a:graphic></wp:inline></w:drawing></w:r></w:p><w:p w:rsidR="003765E2" w:rsidRDefault="003765E2" w:rsidP="003765E2"><w:pPr><w:spacing w:line="300" w:lineRule="atLeast"/><w:rPr><w:rtl/></w:rPr></w:pPr><w:r><w:rPr><w:rFonts w:hint="cs"/><w:rtl/></w:rPr><w:t xml:space="preserve">עבור המחלקה </w:t></w:r><w:proofErr w:type="spellStart"/><w:r w:rsidRPr="009254F0"><w:rPr><w:b/><w:bCs/></w:rPr><w:t>BingoCard</w:t></w:r><w:proofErr w:type="spellEnd"/><w:r><w:rPr><w:rFonts w:hint="cs"/><w:rtl/></w:rPr><w:t xml:space="preserve">   אנחנו נשמור את 2 התכונות הבאות :</w:t></w:r></w:p><w:p w:rsidR="003765E2" w:rsidRDefault="003765E2" w:rsidP="003765E2"><w:pPr><w:pStyle w:val="HTML"/><w:rPr><w:color w:val="000000"/></w:rPr></w:pPr><w:proofErr w:type="gramStart"/><w:r><w:rPr><w:color w:val="000000"/></w:rPr><w:t>private</w:t></w:r><w:proofErr w:type="gramEnd"/><w:r><w:rPr><w:color w:val="000000"/></w:rPr><w:t xml:space="preserve"> </w:t></w:r><w:proofErr w:type="spellStart"/><w:r><w:rPr><w:color w:val="000000"/></w:rPr><w:t>int</w:t></w:r><w:proofErr w:type="spellEnd"/><w:r><w:rPr><w:color w:val="000000"/></w:rPr><w:t>[][] card;       //Bingo card configuration</w:t></w:r></w:p><w:p w:rsidR="003765E2" w:rsidRDefault="003765E2" w:rsidP="003765E2"><w:pPr><w:pStyle w:val="HTML"/><w:rPr><w:color w:val="000000"/></w:rPr></w:pPr><w:proofErr w:type="gramStart"/><w:r><w:rPr><w:color w:val="000000"/></w:rPr><w:t>private</w:t></w:r><w:proofErr w:type="gramEnd"/><w:r><w:rPr><w:color w:val="000000"/></w:rPr><w:t xml:space="preserve"> </w:t></w:r><w:proofErr w:type="spellStart"/><w:r><w:rPr><w:color w:val="000000"/></w:rPr><w:t>boolean</w:t></w:r><w:proofErr w:type="spellEnd"/><w:r><w:rPr><w:color w:val="000000"/></w:rPr><w:t>[][] marks;  //simulates placing chips on a Bingo card</w:t></w:r></w:p><w:p w:rsidR="000302FD" w:rsidRDefault="000302FD" w:rsidP="000302FD"><w:pPr><w:pStyle w:val="HTML"/><w:rPr><w:color w:val="000000"/></w:rPr></w:pPr><w:proofErr w:type="gramStart"/><w:r><w:rPr><w:color w:val="000000"/></w:rPr><w:t xml:space="preserve">String  </w:t></w:r><w:proofErr w:type="spellStart"/><w:r><w:rPr><w:color w:val="000000"/></w:rPr><w:t>playerName</w:t></w:r><w:proofErr w:type="spellEnd"/><w:proofErr w:type="gramEnd"/><w:r><w:rPr><w:color w:val="000000"/></w:rPr><w:t xml:space="preserve">;         // the </w:t></w:r><w:proofErr w:type="spellStart"/><w:r><w:rPr><w:color w:val="000000"/></w:rPr><w:t>playerName</w:t></w:r><w:proofErr w:type="spellEnd"/><w:r><w:rPr><w:color w:val="000000"/></w:rPr><w:t xml:space="preserve"> </w:t></w:r></w:p><w:p w:rsidR="003765E2" w:rsidRDefault="003765E2" w:rsidP="003765E2"><w:pPr><w:bidi w:val="0"/><w:spacing w:line="300" w:lineRule="atLeast"/><w:rPr><w:rFonts w:hint="cs"/><w:rtl/></w:rPr></w:pPr></w:p><w:p w:rsidR="003765E2" w:rsidRDefault="003765E2" w:rsidP="003765E2"><w:pPr><w:spacing w:line="300" w:lineRule="atLeast"/><w:rPr><w:rFonts w:hint="cs"/><w:rtl/></w:rPr></w:pPr><w:r><w:rPr><w:rFonts w:hint="cs"/><w:rtl/></w:rPr><w:t>המערך  הדו-</w:t></w:r><w:proofErr w:type="spellStart"/><w:r><w:rPr><w:rFonts w:hint="cs"/><w:rtl/></w:rPr><w:t>מימדי</w:t></w:r><w:proofErr w:type="spellEnd"/><w:r><w:rPr><w:rFonts w:hint="cs"/><w:rtl/></w:rPr><w:t xml:space="preserve"> </w:t></w:r><w:r><w:t>card</w:t></w:r><w:r><w:rPr><w:rFonts w:hint="cs"/><w:rtl/></w:rPr><w:t xml:space="preserve">  מייצג את כרטיס הבינגו </w:t></w:r><w:r w:rsidR="009254F0"><w:rPr><w:rFonts w:hint="cs"/><w:rtl/></w:rPr><w:t xml:space="preserve">והוא אמור  להכיל מספרים בטווח </w:t></w:r><w:r w:rsidR="009254F0"><w:t xml:space="preserve">1-75 </w:t></w:r><w:r w:rsidR="009254F0"><w:rPr><w:rFonts w:hint="cs"/><w:rtl/></w:rPr><w:t xml:space="preserve"> שלא חוזרים על עצמם. </w:t></w:r></w:p><w:p w:rsidR="009254F0" w:rsidRDefault="009254F0" w:rsidP="009254F0"><w:pPr><w:spacing w:line="300" w:lineRule="atLeast"/><w:rPr><w:rFonts w:hint="cs"/><w:rtl/></w:rPr></w:pPr><w:r><w:rPr><w:rFonts w:hint="cs"/><w:rtl/></w:rPr><w:t>המערך  הדו-</w:t></w:r><w:proofErr w:type="spellStart"/><w:r><w:rPr><w:rFonts w:hint="cs"/><w:rtl/></w:rPr><w:t>מימדי</w:t></w:r><w:proofErr w:type="spellEnd"/><w:r><w:rPr><w:rFonts w:hint="cs"/><w:rtl/></w:rPr><w:t xml:space="preserve"> </w:t></w:r><w:r><w:rPr><w:color w:val="000000"/></w:rPr><w:t>marks</w:t></w:r><w:r><w:rPr><w:rFonts w:hint="cs"/><w:rtl/></w:rPr><w:t xml:space="preserve"> </w:t></w:r><w:r><w:rPr><w:rFonts w:hint="cs"/><w:rtl/></w:rPr><w:t xml:space="preserve">מייצג את </w:t></w:r><w:r><w:rPr><w:rFonts w:hint="cs"/><w:rtl/></w:rPr><w:t xml:space="preserve">הסימונים על גבי </w:t></w:r><w:r><w:rPr><w:rFonts w:hint="cs"/><w:rtl/></w:rPr><w:t xml:space="preserve">כרטיס הבינגו </w:t></w:r><w:r><w:rPr><w:rFonts w:hint="cs"/><w:rtl/></w:rPr><w:t xml:space="preserve">והוא משמש לסימון המספרים שכבר עלו בגורל . </w:t></w:r></w:p><w:p w:rsidR="00417302" w:rsidRPr="00EE5BBF" w:rsidRDefault="00143DF3" w:rsidP="003765E2"><w:pPr><w:spacing w:line="300" w:lineRule="atLeast"/><w:rPr><w:b/><w:bCs/><w:u w:val="single"/><w:rtl/></w:rPr></w:pPr><w:r w:rsidRPr="00EE5BBF"><w:rPr><w:rFonts w:hint="cs"/><w:b/><w:bCs/><w:u w:val="single"/><w:rtl/></w:rPr><w:t xml:space="preserve">עליך להשלים את ה </w:t></w:r><w:r w:rsidRPr="00EE5BBF"><w:rPr><w:b/><w:bCs/><w:u w:val="single"/></w:rPr><w:t>Constructor</w:t></w:r><w:r w:rsidRPr="00EE5BBF"><w:rPr><w:rFonts w:hint="cs"/><w:b/><w:bCs/><w:u w:val="single"/><w:rtl/></w:rPr><w:t xml:space="preserve"> </w:t></w:r><w:r w:rsidR="00417302" w:rsidRPr="00EE5BBF"><w:rPr><w:rFonts w:hint="cs"/><w:b/><w:bCs/><w:u w:val="single"/><w:rtl/></w:rPr><w:t xml:space="preserve"> </w:t></w:r><w:r w:rsidR="009254F0"><w:rPr><w:rFonts w:hint="cs"/><w:b/><w:bCs/><w:u w:val="single"/><w:rtl/></w:rPr><w:t xml:space="preserve">של המחלקה </w:t></w:r><w:proofErr w:type="spellStart"/><w:r w:rsidR="009254F0" w:rsidRPr="009254F0"><w:rPr><w:b/><w:bCs/></w:rPr><w:t>BingoCard</w:t></w:r><w:proofErr w:type="spellEnd"/><w:r w:rsidR="009254F0"><w:rPr><w:rFonts w:hint="cs"/><w:rtl/></w:rPr><w:t xml:space="preserve">   </w:t></w:r><w:r w:rsidR="00417302" w:rsidRPr="00EE5BBF"><w:rPr><w:rFonts w:hint="cs"/><w:b/><w:bCs/><w:u w:val="single"/><w:rtl/></w:rPr><w:t>באופן הבא :</w:t></w:r><w:r w:rsidR="00AD7BA8" w:rsidRPr="00EE5BBF"><w:rPr><w:rFonts w:hint="cs"/><w:b/><w:bCs/><w:u w:val="single"/><w:rtl/></w:rPr><w:t xml:space="preserve"> </w:t></w:r></w:p><w:p w:rsidR="009254F0" w:rsidRDefault="009254F0" w:rsidP="00EE5BBF"><w:pPr><w:spacing w:line="300" w:lineRule="atLeast"/><w:rPr><w:rFonts w:hint="cs"/><w:rtl/></w:rPr></w:pPr><w:r><w:rPr><w:rFonts w:hint="cs"/><w:rtl/></w:rPr><w:t xml:space="preserve">הבנאי יאתחל כרטיס  בינגו באופן רנדומאלי  </w:t></w:r><w:r w:rsidRPr="009254F0"><w:rPr><w:rFonts w:hint="cs"/><w:b/><w:bCs/><w:u w:val="single"/><w:rtl/></w:rPr><w:t>באופן נכון</w:t></w:r><w:r><w:rPr><w:rFonts w:hint="cs"/><w:rtl/></w:rPr><w:t xml:space="preserve"> כך שכל מספר שיופיע בכרטיס יופיע </w:t></w:r><w:r w:rsidRPr="009254F0"><w:rPr><w:rFonts w:hint="cs"/><w:b/><w:bCs/><w:u w:val="single"/><w:rtl/></w:rPr><w:t>פעם אחת בלבד.</w:t></w:r><w:r><w:rPr><w:rFonts w:hint="cs"/><w:rtl/></w:rPr><w:t xml:space="preserve"> שים לב שהתא במרכז חייב להיות 0. </w:t></w:r></w:p><w:p w:rsidR="000302FD" w:rsidRDefault="000302FD" w:rsidP="009254F0"><w:pPr><w:spacing w:line="300" w:lineRule="atLeast"/><w:rPr><w:b/><w:bCs/><w:u w:val="single"/><w:rtl/></w:rPr></w:pPr></w:p><w:p w:rsidR="00EE5BBF" w:rsidRDefault="00EE5BBF" w:rsidP="009254F0"><w:pPr><w:spacing w:line="300" w:lineRule="atLeast"/><w:rPr><w:b/><w:bCs/><w:u w:val="single"/><w:rtl/></w:rPr></w:pPr><w:r><w:rPr><w:rFonts w:hint="cs"/><w:b/><w:bCs/><w:u w:val="single"/><w:rtl/></w:rPr><w:t xml:space="preserve">עליך להשלים את הפעולה </w:t></w:r><w:proofErr w:type="spellStart"/><w:r w:rsidR="009254F0"><w:rPr><w:b/><w:bCs/><w:u w:val="single"/></w:rPr><w:t>addMark</w:t></w:r><w:proofErr w:type="spellEnd"/><w:r w:rsidR="009254F0"><w:rPr><w:b/><w:bCs/><w:u w:val="single"/></w:rPr><w:t xml:space="preserve"> </w:t></w:r><w:r><w:rPr><w:b/><w:bCs/><w:u w:val="single"/></w:rPr><w:t xml:space="preserve"> </w:t></w:r><w:r><w:rPr><w:rFonts w:hint="cs"/><w:b/><w:bCs/><w:u w:val="single"/><w:rtl/></w:rPr><w:t xml:space="preserve">   </w:t></w:r><w:r w:rsidRPr="00EE5BBF"><w:rPr><w:rFonts w:hint="cs"/><w:b/><w:bCs/><w:u w:val="single"/><w:rtl/></w:rPr><w:t xml:space="preserve">באופן הבא : </w:t></w:r></w:p><w:p w:rsidR="00ED08D4" w:rsidRDefault="009254F0" w:rsidP="00ED08D4"><w:pPr><w:spacing w:line="300" w:lineRule="atLeast"/><w:rPr><w:rtl/></w:rPr></w:pPr><w:r w:rsidRPr="009254F0"><w:rPr><w:rFonts w:hint="cs"/><w:rtl/></w:rPr><w:t xml:space="preserve">הפעולה מקבלת  מספר שלם .  אם המספר אינו בטווח </w:t></w:r><w:r w:rsidRPr="009254F0"><w:t>1-75</w:t></w:r><w:r w:rsidRPr="009254F0"><w:rPr><w:rFonts w:hint="cs"/><w:rtl/></w:rPr><w:t xml:space="preserve"> אז נזרק מצב חריג . במידה והמספר מופיע בכרטיס אז היא מסמנת את המיקום שלו במערך </w:t></w:r><w:r w:rsidRPr="009254F0"><w:t>marks</w:t></w:r><w:r w:rsidRPr="009254F0"><w:rPr><w:rFonts w:hint="cs"/><w:rtl/></w:rPr><w:t xml:space="preserve"> </w:t></w:r><w:r><w:rPr><w:rFonts w:hint="cs"/><w:rtl/></w:rPr><w:t xml:space="preserve">כ </w:t></w:r><w:r><w:t>true</w:t></w:r><w:r><w:rPr><w:rFonts w:hint="cs"/><w:rtl/></w:rPr><w:t xml:space="preserve"> . </w:t></w:r></w:p><w:p w:rsidR="000302FD" w:rsidRDefault="000302FD" w:rsidP="00ED08D4"><w:pPr><w:spacing w:line="300" w:lineRule="atLeast"/><w:rPr><w:b/><w:bCs/><w:u w:val="single"/><w:rtl/></w:rPr></w:pPr></w:p><w:p w:rsidR="006A2E2B" w:rsidRDefault="006A2E2B" w:rsidP="00ED08D4"><w:pPr><w:spacing w:line="300" w:lineRule="atLeast"/><w:rPr><w:b/><w:bCs/><w:u w:val="single"/><w:rtl/></w:rPr></w:pPr><w:r><w:rPr><w:rFonts w:hint="cs"/><w:b/><w:bCs/><w:u w:val="single"/><w:rtl/></w:rPr><w:t xml:space="preserve">עליך להשלים את הפעולה </w:t></w:r><w:proofErr w:type="spellStart"/><w:r w:rsidR="00ED08D4"><w:rPr><w:b/><w:bCs/><w:u w:val="single"/></w:rPr><w:t>checkBingo</w:t></w:r><w:proofErr w:type="spellEnd"/><w:r><w:rPr><w:b/><w:bCs/><w:u w:val="single"/></w:rPr><w:t xml:space="preserve"> </w:t></w:r><w:r><w:rPr><w:rFonts w:hint="cs"/><w:b/><w:bCs/><w:u w:val="single"/><w:rtl/></w:rPr><w:t xml:space="preserve">   </w:t></w:r><w:r w:rsidRPr="00EE5BBF"><w:rPr><w:rFonts w:hint="cs"/><w:b/><w:bCs/><w:u w:val="single"/><w:rtl/></w:rPr><w:t xml:space="preserve">באופן הבא : </w:t></w:r></w:p><w:p w:rsidR="004823E3" w:rsidRDefault="00ED08D4" w:rsidP="000302FD"><w:pPr><w:spacing w:line="300" w:lineRule="atLeast"/><w:rPr><w:rtl/></w:rPr></w:pPr><w:r w:rsidRPr="00ED08D4"><w:rPr><w:rFonts w:hint="cs"/><w:rtl/></w:rPr><w:t xml:space="preserve">הפעולה בודקת האם קיימת עמודה </w:t></w:r><w:r><w:rPr><w:rFonts w:hint="cs"/><w:rtl/></w:rPr><w:t>,</w:t></w:r><w:r w:rsidRPr="00ED08D4"><w:rPr><w:rFonts w:hint="cs"/><w:rtl/></w:rPr><w:t xml:space="preserve"> </w:t></w:r><w:r w:rsidR="000302FD"><w:rPr><w:rFonts w:hint="cs"/><w:rtl/></w:rPr><w:t xml:space="preserve">או שורה </w:t></w:r><w:r w:rsidRPr="00ED08D4"><w:rPr><w:rFonts w:hint="cs"/><w:rtl/></w:rPr><w:t>שב</w:t></w:r><w:r w:rsidR="000302FD"><w:rPr><w:rFonts w:hint="cs"/><w:rtl/></w:rPr><w:t>ה</w:t></w:r><w:r><w:rPr><w:rFonts w:hint="cs"/><w:rtl/></w:rPr><w:t xml:space="preserve">  </w:t></w:r><w:r w:rsidRPr="00ED08D4"><w:rPr><w:rFonts w:hint="cs"/><w:rtl/></w:rPr><w:t xml:space="preserve">כל המספרים כבר הופיעו. אם כן היא מחזירה </w:t></w:r><w:r w:rsidRPr="00ED08D4"><w:t>true</w:t></w:r><w:r w:rsidRPr="00ED08D4"><w:rPr><w:rFonts w:hint="cs"/><w:rtl/></w:rPr><w:t xml:space="preserve"> ואם לא אז היא מחזירה </w:t></w:r><w:r w:rsidRPr="00ED08D4"><w:t>false</w:t></w:r><w:r w:rsidRPr="00ED08D4"><w:rPr><w:rFonts w:hint="cs"/><w:rtl/></w:rPr><w:t xml:space="preserve"> . </w:t></w:r><w:r><w:rPr><w:rFonts w:hint="cs"/><w:rtl/></w:rPr><w:t xml:space="preserve"> </w:t></w:r></w:p><w:p w:rsidR="00447731" w:rsidRDefault="00447731" w:rsidP="003442D3"><w:pPr><w:spacing w:line="300" w:lineRule="atLeast"/><w:rPr><w:b/><w:bCs/><w:u w:val="single"/><w:rtl/></w:rPr></w:pPr></w:p><w:p w:rsidR="003442D3" w:rsidRDefault="003442D3" w:rsidP="003442D3"><w:pPr><w:spacing w:line="300" w:lineRule="atLeast"/><w:rPr><w:b/><w:bCs/><w:u w:val="single"/><w:rtl/></w:rPr></w:pPr><w:r><w:rPr><w:rFonts w:hint="cs"/><w:b/><w:bCs/><w:u w:val="single"/><w:rtl/></w:rPr><w:t xml:space="preserve">עליך להשלים את </w:t></w:r><w:r><w:rPr><w:rFonts w:hint="cs"/><w:b/><w:bCs/><w:u w:val="single"/><w:rtl/></w:rPr><w:t xml:space="preserve">השיטה </w:t></w:r><w:r><w:rPr><w:rFonts w:hint="cs"/><w:b/><w:bCs/><w:u w:val="single"/><w:rtl/></w:rPr><w:t xml:space="preserve"> </w:t></w:r><w:proofErr w:type="spellStart"/><w:r><w:rPr><w:b/><w:bCs/><w:u w:val="single"/></w:rPr><w:t>playCards</w:t></w:r><w:proofErr w:type="spellEnd"/><w:r><w:rPr><w:b/><w:bCs/><w:u w:val="single"/></w:rPr><w:t xml:space="preserve"> (List &lt;Card&gt; cards , </w:t></w:r><w:proofErr w:type="spellStart"/><w:r><w:rPr><w:b/><w:bCs/><w:u w:val="single"/></w:rPr><w:t>int</w:t></w:r><w:proofErr w:type="spellEnd"/><w:r><w:rPr><w:b/><w:bCs/><w:u w:val="single"/></w:rPr><w:t xml:space="preserve"> [ ] numbers) </w:t></w:r><w:r><w:rPr><w:b/><w:bCs/><w:u w:val="single"/></w:rPr><w:t xml:space="preserve"> </w:t></w:r><w:r><w:rPr><w:rFonts w:hint="cs"/><w:b/><w:bCs/><w:u w:val="single"/><w:rtl/></w:rPr><w:t xml:space="preserve"> </w:t></w:r><w:r><w:rPr><w:rFonts w:hint="cs"/><w:b/><w:bCs/><w:u w:val="single"/><w:rtl/></w:rPr><w:t xml:space="preserve"> </w:t></w:r><w:r><w:rPr><w:b/><w:bCs/><w:u w:val="single"/></w:rPr><w:t>void</w:t></w:r><w:r><w:rPr><w:rFonts w:hint="cs"/><w:b/><w:bCs/><w:u w:val="single"/><w:rtl/></w:rPr><w:t xml:space="preserve"> </w:t></w:r><w:r><w:rPr><w:b/><w:bCs/><w:u w:val="single"/></w:rPr><w:t>public static</w:t></w:r><w:r><w:rPr><w:rFonts w:hint="cs"/><w:b/><w:bCs/><w:u w:val="single"/><w:rtl/></w:rPr><w:t xml:space="preserve"> </w:t></w:r><w:r><w:rPr><w:rFonts w:hint="cs"/><w:b/><w:bCs/><w:u w:val="single"/><w:rtl/></w:rPr><w:t xml:space="preserve"> </w:t></w:r><w:r w:rsidRPr="00EE5BBF"><w:rPr><w:rFonts w:hint="cs"/><w:b/><w:bCs/><w:u w:val="single"/><w:rtl/></w:rPr><w:t xml:space="preserve">באופן הבא : </w:t></w:r></w:p><w:p w:rsidR="00447731" w:rsidRDefault="003442D3" w:rsidP="00447731"><w:pPr><w:spacing w:line="300" w:lineRule="atLeast"/><w:rPr><w:rtl/></w:rPr></w:pPr><w:r><w:rPr><w:rFonts w:hint="cs"/><w:rtl/></w:rPr><w:t xml:space="preserve">הפעולה מקבלת רשימה של כרטיסי בינגו ומערך של  </w:t></w:r><w:r><w:t>1..</w:t></w:r><w:proofErr w:type="gramStart"/><w:r><w:t>75</w:t></w:r><w:r><w:rPr><w:rFonts w:hint="cs"/><w:rtl/></w:rPr><w:t xml:space="preserve">  מספרים</w:t></w:r><w:proofErr w:type="gramEnd"/><w:r><w:rPr><w:rFonts w:hint="cs"/><w:rtl/></w:rPr><w:t xml:space="preserve"> שהוגרלו </w:t></w:r><w:r w:rsidR="000302FD"><w:rPr><w:rFonts w:hint="cs"/><w:rtl/></w:rPr><w:t xml:space="preserve">ומדפיסה את שמו של השחקן הזוכה במשחק.  ( השחקן בעל הכרטיס הראשון שהתגלה ככרטיס שבו </w:t></w:r><w:proofErr w:type="spellStart"/><w:r w:rsidR="000302FD"><w:t>checkBingo</w:t></w:r><w:proofErr w:type="spellEnd"/><w:r w:rsidR="000302FD"><w:rPr><w:rFonts w:hint="cs"/><w:rtl/></w:rPr><w:t xml:space="preserve"> החזיר </w:t></w:r><w:r w:rsidR="000302FD"><w:t>true</w:t></w:r><w:r w:rsidR="000302FD"><w:rPr><w:rFonts w:hint="cs"/><w:rtl/></w:rPr><w:t xml:space="preserve"> ) </w:t></w:r><w:r w:rsidR="00447731"><w:rPr><w:rFonts w:hint="cs"/><w:rtl/></w:rPr><w:t>.</w:t></w:r></w:p><w:p w:rsidR="00447731" w:rsidRPr="00447731" w:rsidRDefault="00447731" w:rsidP="00447731"><w:pPr><w:spacing w:line="300" w:lineRule="atLeast"/><w:rPr><w:b/><w:bCs/><w:rtl/></w:rPr></w:pPr><w:r w:rsidRPr="00447731"><w:rPr><w:rFonts w:hint="cs"/><w:b/><w:bCs/><w:rtl/></w:rPr><w:t xml:space="preserve">עליך לממש רק את הפעולות במחברת הבחינה . ניתן להניח שיש </w:t></w:r><w:proofErr w:type="spellStart"/><w:r w:rsidRPr="00447731"><w:rPr><w:b/><w:bCs/></w:rPr><w:t>gettters</w:t></w:r><w:proofErr w:type="spellEnd"/><w:r w:rsidRPr="00447731"><w:rPr><w:rFonts w:hint="cs"/><w:b/><w:bCs/><w:rtl/></w:rPr><w:t xml:space="preserve"> ו  </w:t></w:r><w:r w:rsidRPr="00447731"><w:rPr><w:b/><w:bCs/></w:rPr><w:t>setters</w:t></w:r><w:r w:rsidRPr="00447731"><w:rPr><w:rFonts w:hint="cs"/><w:b/><w:bCs/><w:rtl/></w:rPr><w:t xml:space="preserve"> למחלקה </w:t></w:r><w:r w:rsidRPr="00447731"><w:rPr><w:b/><w:bCs/></w:rPr><w:t>Card</w:t></w:r><w:r w:rsidRPr="00447731"><w:rPr><w:b/><w:bCs/><w:sz w:val="32"/><w:szCs w:val="32"/><w:rtl/></w:rPr><w:br w:type="page"/></w:r></w:p><w:p w:rsidR="007C4A9C" w:rsidRDefault="007C4A9C" w:rsidP="007C4A9C"><w:pPr><w:spacing w:line="300" w:lineRule="atLeast"/><w:rPr><w:b/><w:bCs/><w:sz w:val="32"/><w:szCs w:val="32"/><w:rtl/></w:rPr></w:pPr><w:r><w:rPr><w:rFonts w:hint="cs"/><w:b/><w:bCs/><w:sz w:val="32"/><w:szCs w:val="32"/><w:rtl/></w:rPr><w:lastRenderedPageBreak/><w:t>שאלה מספר 3 :</w:t></w:r></w:p><w:p w:rsidR="008F689D" w:rsidRPr="002C6A32" w:rsidRDefault="008F689D" w:rsidP="008F689D"><w:pPr><w:spacing w:line="300" w:lineRule="atLeast"/><w:rPr><w:b/><w:bCs/><w:u w:val="single"/><w:rtl/></w:rPr></w:pPr><w:r w:rsidRPr="002C6A32"><w:rPr><w:rFonts w:hint="cs"/><w:b/><w:bCs/><w:u w:val="single"/><w:rtl/></w:rPr><w:t xml:space="preserve">סעיף </w:t></w:r><w:r><w:rPr><w:rFonts w:hint="cs"/><w:b/><w:bCs/><w:u w:val="single"/><w:rtl/></w:rPr><w:t>א</w:t></w:r><w:r w:rsidRPr="002C6A32"><w:rPr><w:rFonts w:hint="cs"/><w:b/><w:bCs/><w:u w:val="single"/><w:rtl/></w:rPr><w:t xml:space="preserve"> ( 5 נק' ) </w:t></w:r><w:r><w:rPr><w:rFonts w:hint="cs"/><w:b/><w:bCs/><w:u w:val="single"/><w:rtl/></w:rPr><w:t xml:space="preserve"> </w:t></w:r></w:p><w:p w:rsidR="0085602F" w:rsidRDefault="002C5078" w:rsidP="0034183C"><w:pPr><w:spacing w:line="300" w:lineRule="atLeast"/><w:rPr><w:rFonts w:hint="cs"/><w:b/><w:bCs/><w:u w:val="single"/><w:rtl/></w:rPr></w:pPr><w:r><w:rPr><w:rFonts w:hint="cs"/><w:rtl/></w:rPr><w:t xml:space="preserve">הסבר מדוע הבנאי של  </w:t></w:r><w:r><w:t xml:space="preserve">Singleton </w:t></w:r><w:r><w:rPr><w:rFonts w:hint="cs"/><w:rtl/></w:rPr><w:t xml:space="preserve"> </w:t></w:r><w:r><w:rPr><w:rFonts w:hint="cs"/><w:b/><w:bCs/><w:u w:val="single"/><w:rtl/></w:rPr><w:t xml:space="preserve"> </w:t></w:r><w:r w:rsidRPr="002C5078"><w:rPr><w:rFonts w:hint="cs"/><w:b/><w:bCs/><w:u w:val="single"/><w:rtl/></w:rPr><w:t>חייב</w:t></w:r><w:r><w:rPr><w:rFonts w:hint="cs"/><w:rtl/></w:rPr><w:t xml:space="preserve">   להיות </w:t></w:r><w:r><w:t xml:space="preserve">private </w:t></w:r><w:r><w:rPr><w:rFonts w:hint="cs"/><w:rtl/></w:rPr><w:t xml:space="preserve">  . </w:t></w:r></w:p><w:p w:rsidR="0034183C" w:rsidRPr="002C6A32" w:rsidRDefault="0034183C" w:rsidP="0034183C"><w:pPr><w:spacing w:line="300" w:lineRule="atLeast"/><w:rPr><w:b/><w:bCs/><w:u w:val="single"/><w:rtl/></w:rPr></w:pPr><w:r w:rsidRPr="002C6A32"><w:rPr><w:rFonts w:hint="cs"/><w:b/><w:bCs/><w:u w:val="single"/><w:rtl/></w:rPr><w:t xml:space="preserve">סעיף </w:t></w:r><w:r><w:rPr><w:rFonts w:hint="cs"/><w:b/><w:bCs/><w:u w:val="single"/><w:rtl/></w:rPr><w:t>ב</w:t></w:r><w:r w:rsidRPr="002C6A32"><w:rPr><w:rFonts w:hint="cs"/><w:b/><w:bCs/><w:u w:val="single"/><w:rtl/></w:rPr><w:t xml:space="preserve"> ( 5 נק' ) </w:t></w:r><w:r><w:rPr><w:rFonts w:hint="cs"/><w:b/><w:bCs/><w:u w:val="single"/><w:rtl/></w:rPr><w:t xml:space="preserve"> </w:t></w:r></w:p><w:p w:rsidR="0085602F" w:rsidRDefault="00447731" w:rsidP="00447731"><w:pPr><w:spacing w:line="300" w:lineRule="atLeast"/><w:rPr><w:rtl/></w:rPr></w:pPr><w:r><w:rPr><w:rFonts w:hint="cs"/><w:rtl/></w:rPr><w:t xml:space="preserve">הסבר מתי יש נשתמש  באופציה של שימוש בממשק ומתי יש נשתמש באופציה של שימוש ב מחלקה אבסטרקטית , תן דוגמא לכל אחת מהאופציות. </w:t></w:r></w:p><w:p w:rsidR="00447731" w:rsidRDefault="00447731" w:rsidP="000D1A40"><w:pPr><w:spacing w:line="300" w:lineRule="atLeast"/><w:rPr><w:b/><w:bCs/><w:sz w:val="32"/><w:szCs w:val="32"/><w:rtl/></w:rPr></w:pPr></w:p><w:p w:rsidR="00470B57" w:rsidRDefault="00470B57" w:rsidP="000D1A40"><w:pPr><w:spacing w:line="300" w:lineRule="atLeast"/><w:rPr><w:b/><w:bCs/><w:sz w:val="32"/><w:szCs w:val="32"/><w:rtl/></w:rPr></w:pPr><w:bookmarkStart w:id="0" w:name="_GoBack"/><w:bookmarkEnd w:id="0"/><w:r><w:rPr><w:rFonts w:hint="cs"/><w:b/><w:bCs/><w:sz w:val="32"/><w:szCs w:val="32"/><w:rtl/></w:rPr><w:t xml:space="preserve">שאלה מספר </w:t></w:r><w:r w:rsidR="000D1A40"><w:rPr><w:rFonts w:hint="cs"/><w:b/><w:bCs/><w:sz w:val="32"/><w:szCs w:val="32"/><w:rtl/></w:rPr><w:t>4</w:t></w:r><w:r><w:rPr><w:rFonts w:hint="cs"/><w:b/><w:bCs/><w:sz w:val="32"/><w:szCs w:val="32"/><w:rtl/></w:rPr><w:t xml:space="preserve"> :</w:t></w:r></w:p><w:p w:rsidR="00D56200" w:rsidRPr="00D56200" w:rsidRDefault="00D56200" w:rsidP="00C470E4"><w:pPr><w:rPr><w:rFonts w:ascii="Arial" w:hAnsi="Arial" w:cs="Arial"/><w:b/><w:bCs/><w:rtl/></w:rPr></w:pPr><w:r w:rsidRPr="00D56200"><w:rPr><w:rFonts w:ascii="Arial" w:hAnsi="Arial" w:cs="Arial" w:hint="cs"/><w:b/><w:bCs/><w:rtl/></w:rPr><w:t xml:space="preserve">סעיף א'  - </w:t></w:r><w:r w:rsidR="00C470E4"><w:rPr><w:rFonts w:ascii="Arial" w:hAnsi="Arial" w:cs="Arial" w:hint="cs"/><w:b/><w:bCs/><w:rtl/></w:rPr><w:t>20</w:t></w:r><w:r w:rsidRPr="00D56200"><w:rPr><w:rFonts w:ascii="Arial" w:hAnsi="Arial" w:cs="Arial" w:hint="cs"/><w:b/><w:bCs/><w:rtl/></w:rPr><w:t xml:space="preserve"> נק' </w:t></w:r></w:p><w:p w:rsidR="00D56200" w:rsidRDefault="00D56200" w:rsidP="00D56200"><w:pPr><w:rPr><w:rFonts w:ascii="Arial" w:hAnsi="Arial" w:cs="Arial"/><w:rtl/></w:rPr></w:pPr><w:r w:rsidRPr="00D56200"><w:rPr><w:rFonts w:ascii="Arial" w:hAnsi="Arial" w:cs="Arial"/><w:rtl/></w:rPr><w:t>כתוב תרשים</w:t></w:r><w:r w:rsidRPr="00D56200"><w:rPr><w:rFonts w:ascii="Arial" w:hAnsi="Arial" w:cs="Arial" w:hint="cs"/><w:rtl/></w:rPr><w:t xml:space="preserve"> </w:t></w:r><w:r w:rsidRPr="00D56200"><w:rPr><w:rFonts w:ascii="Arial" w:hAnsi="Arial" w:cs="Arial"/></w:rPr><w:t>Cass</w:t></w:r><w:r><w:rPr><w:rFonts w:ascii="Arial" w:hAnsi="Arial" w:cs="Arial"/></w:rPr><w:t xml:space="preserve"> </w:t></w:r><w:r w:rsidRPr="00D56200"><w:rPr><w:rFonts w:ascii="Arial" w:hAnsi="Arial" w:cs="Arial"/></w:rPr><w:t>Diagram</w:t></w:r><w:r w:rsidRPr="00D56200"><w:rPr><w:rFonts w:ascii="Arial" w:hAnsi="Arial" w:cs="Arial"/><w:rtl/></w:rPr><w:t xml:space="preserve"> עבור המערכת שתפורט בהמשך. יש להגדיר מחלקות וממשקים, לציין</w:t></w:r><w:r w:rsidRPr="004416AF"><w:rPr><w:rFonts w:ascii="Arial" w:hAnsi="Arial" w:cs="Arial"/><w:i/><w:iCs/><w:rtl/></w:rPr><w:t xml:space="preserve"> </w:t></w:r><w:r w:rsidRPr="00D56200"><w:rPr><w:rFonts w:ascii="Arial" w:hAnsi="Arial" w:cs="Arial"/><w:rtl/></w:rPr><w:t>תכונות</w:t></w:r><w:r w:rsidRPr="00D56200"><w:rPr><w:rFonts w:ascii="Arial" w:hAnsi="Arial" w:cs="Arial"/></w:rPr><w:t xml:space="preserve"> </w:t></w:r><w:r w:rsidRPr="00D56200"><w:rPr><w:rFonts w:ascii="Arial" w:hAnsi="Arial" w:cs="Arial" w:hint="cs"/><w:rtl/></w:rPr><w:t xml:space="preserve"> (הרשאה, טיפוס ושם השדה),</w:t></w:r><w:r w:rsidRPr="00D56200"><w:rPr><w:rFonts w:ascii="Arial" w:hAnsi="Arial" w:cs="Arial"/><w:rtl/></w:rPr><w:t xml:space="preserve"> </w:t></w:r><w:r><w:rPr><w:rFonts w:ascii="Arial" w:hAnsi="Arial" w:cs="Arial" w:hint="cs"/><w:rtl/></w:rPr><w:t>ו</w:t></w:r><w:r w:rsidRPr="00D56200"><w:rPr><w:rFonts w:ascii="Arial" w:hAnsi="Arial" w:cs="Arial"/><w:rtl/></w:rPr><w:t>שיטות</w:t></w:r><w:r w:rsidRPr="00D56200"><w:rPr><w:rFonts w:ascii="Arial" w:hAnsi="Arial" w:cs="Arial" w:hint="cs"/><w:rtl/></w:rPr><w:t xml:space="preserve"> (הרשאה, ערך מוחזר, שם, ופרמטרים),</w:t></w:r><w:r w:rsidRPr="00D56200"><w:rPr><w:rFonts w:ascii="Arial" w:hAnsi="Arial" w:cs="Arial"/><w:rtl/></w:rPr><w:t xml:space="preserve"> </w:t></w:r></w:p><w:p w:rsidR="00E25309" w:rsidRDefault="00D56200" w:rsidP="00E25309"><w:pPr><w:rPr><w:rFonts w:ascii="Arial" w:hAnsi="Arial" w:cs="Arial"/><w:rtl/></w:rPr></w:pPr><w:r w:rsidRPr="00D56200"><w:rPr><w:rFonts w:ascii="Arial" w:hAnsi="Arial" w:cs="Arial" w:hint="cs"/><w:rtl/></w:rPr><w:t xml:space="preserve">הכלה (העתקה או הפניה) וכן כמויות על ההכלה, ירושה, </w:t></w:r><w:r><w:rPr><w:rFonts w:ascii="Arial" w:hAnsi="Arial" w:cs="Arial"/><w:rtl/></w:rPr><w:t>אבסטרקטיות</w:t></w:r><w:r><w:rPr><w:rFonts w:ascii="Arial" w:hAnsi="Arial" w:cs="Arial" w:hint="cs"/><w:rtl/></w:rPr><w:t xml:space="preserve"> ו</w:t></w:r><w:r w:rsidRPr="00D56200"><w:rPr><w:rFonts w:ascii="Arial" w:hAnsi="Arial" w:cs="Arial"/><w:rtl/></w:rPr><w:t>ממשקים</w:t></w:r><w:r><w:rPr><w:rFonts w:ascii="Arial" w:hAnsi="Arial" w:cs="Arial" w:hint="cs"/><w:rtl/></w:rPr><w:t xml:space="preserve">. </w:t></w:r></w:p><w:p w:rsidR="00E25309" w:rsidRPr="00E25309" w:rsidRDefault="00E25309" w:rsidP="00E25309"><w:pPr><w:rPr><w:rFonts w:ascii="Arial" w:hAnsi="Arial" w:cs="Arial"/><w:rtl/></w:rPr></w:pPr><w:r w:rsidRPr="00E25309"><w:rPr><w:rFonts w:ascii="Arial" w:hAnsi="Arial" w:cs="Arial"/><w:b/><w:bCs/><w:u w:val="single"/><w:rtl/></w:rPr><w:t xml:space="preserve">מערכת ניהול </w:t></w:r><w:r w:rsidRPr="00E25309"><w:rPr><w:rFonts w:ascii="Arial" w:hAnsi="Arial" w:cs="Arial" w:hint="cs"/><w:b/><w:bCs/><w:u w:val="single"/><w:rtl/></w:rPr><w:t>ספריה</w:t></w:r></w:p><w:p w:rsidR="00E25309" w:rsidRPr="0048551A" w:rsidRDefault="00E25309" w:rsidP="00C470E4"><w:pPr><w:spacing w:line="360" w:lineRule="auto"/><w:rPr><w:rFonts w:ascii="Arial" w:hAnsi="Arial" w:cs="Arial" w:hint="cs"/><w:rtl/></w:rPr></w:pPr><w:r w:rsidRPr="0048551A"><w:rPr><w:rFonts w:ascii="Arial" w:hAnsi="Arial" w:cs="Arial" w:hint="cs"/><w:rtl/></w:rPr><w:t xml:space="preserve">יש לנהל את נתוניה של ספרייה. בספרייה יש </w:t></w:r><w:r w:rsidR="00C470E4"><w:rPr><w:rFonts w:ascii="Arial" w:hAnsi="Arial" w:cs="Arial" w:hint="cs"/><w:b/><w:bCs/><w:u w:val="single"/><w:rtl/></w:rPr><w:t>רשימה</w:t></w:r><w:r w:rsidRPr="0048551A"><w:rPr><w:rFonts w:ascii="Arial" w:hAnsi="Arial" w:cs="Arial" w:hint="cs"/><w:rtl/></w:rPr><w:t xml:space="preserve"> של ספרים, ועבור כל ספר יש לשמור את כמות המופעים שלו בספריה.</w:t></w:r><w:r w:rsidRPr="0048551A"><w:rPr><w:rFonts w:ascii="Arial" w:hAnsi="Arial" w:cs="Arial"/></w:rPr><w:t xml:space="preserve"> </w:t></w:r><w:r w:rsidRPr="0048551A"><w:rPr><w:rFonts w:ascii="Arial" w:hAnsi="Arial" w:cs="Arial" w:hint="cs"/><w:rtl/></w:rPr><w:t xml:space="preserve"> הוספת ספר שכבר קיים תעדכן את כמות המופעים שלו.</w:t></w:r></w:p><w:p w:rsidR="00E25309" w:rsidRPr="0048551A" w:rsidRDefault="00E25309" w:rsidP="00C470E4"><w:pPr><w:spacing w:line="360" w:lineRule="auto"/><w:rPr><w:rFonts w:ascii="Arial" w:hAnsi="Arial" w:cs="Arial" w:hint="cs"/><w:rtl/></w:rPr></w:pPr><w:r w:rsidRPr="0048551A"><w:rPr><w:rFonts w:ascii="Arial" w:hAnsi="Arial" w:cs="Arial" w:hint="cs"/><w:rtl/></w:rPr><w:t xml:space="preserve">לכל ספר יש לשמור את שמו ואת שם המחבר שלו. כל ספר הוא או ספר קריאה או ספר לימוד. עבור ספר קריאה יש לשמור עבורו את השפה בה הוא כתוב, וכן האם הוא ספר קריאה למבוגרים או לילדים. לספרייה יש מנויים שיכולים להשאיל ספרים. ניתן להשאיל ספר רק אם </w:t></w:r><w:r><w:rPr><w:rFonts w:ascii="Arial" w:hAnsi="Arial" w:cs="Arial" w:hint="cs"/><w:rtl/></w:rPr><w:t>זמין יותר מעותק אחד שלו בספרייה</w:t></w:r><w:r w:rsidRPr="0048551A"><w:rPr><w:rFonts w:ascii="Arial" w:hAnsi="Arial" w:cs="Arial" w:hint="cs"/><w:rtl/></w:rPr><w:t>.</w:t></w:r></w:p><w:p w:rsidR="00E25309" w:rsidRDefault="00E25309" w:rsidP="00E25309"><w:pPr><w:spacing w:line="360" w:lineRule="auto"/><w:rPr><w:rFonts w:ascii="Arial" w:hAnsi="Arial" w:cs="Arial" w:hint="cs"/><w:rtl/></w:rPr></w:pPr><w:r w:rsidRPr="0048551A"><w:rPr><w:rFonts w:ascii="Arial" w:hAnsi="Arial" w:cs="Arial" w:hint="cs"/><w:rtl/></w:rPr><w:t xml:space="preserve">לכל מנוי </w:t></w:r><w:r w:rsidR="00C470E4"><w:rPr><w:rFonts w:ascii="Arial" w:hAnsi="Arial" w:cs="Arial" w:hint="cs"/><w:rtl/></w:rPr><w:t xml:space="preserve">( </w:t></w:r><w:r w:rsidR="00C470E4"><w:rPr><w:rFonts w:ascii="Arial" w:hAnsi="Arial" w:cs="Arial" w:hint="cs"/></w:rPr><w:t>USER</w:t></w:r><w:r w:rsidR="00C470E4"><w:rPr><w:rFonts w:ascii="Arial" w:hAnsi="Arial" w:cs="Arial" w:hint="cs"/><w:rtl/></w:rPr><w:t xml:space="preserve"> ) </w:t></w:r><w:r w:rsidRPr="0048551A"><w:rPr><w:rFonts w:ascii="Arial" w:hAnsi="Arial" w:cs="Arial" w:hint="cs"/><w:rtl/></w:rPr><w:t xml:space="preserve">יש לשמור את שמו </w:t></w:r><w:proofErr w:type="spellStart"/><w:r><w:rPr><w:rFonts w:ascii="Arial" w:hAnsi="Arial" w:cs="Arial" w:hint="cs"/><w:rtl/></w:rPr><w:t>ות.ז</w:t></w:r><w:proofErr w:type="spellEnd"/><w:r><w:rPr><w:rFonts w:ascii="Arial" w:hAnsi="Arial" w:cs="Arial" w:hint="cs"/><w:rtl/></w:rPr><w:t>.</w:t></w:r><w:r w:rsidRPr="0048551A"><w:rPr><w:rFonts w:ascii="Arial" w:hAnsi="Arial" w:cs="Arial" w:hint="cs"/><w:rtl/></w:rPr><w:t>. מנוי הוא ילד או מבוגר. ילד יכול להשאיל ספרי לימוד או ספרי קריאה שמסווגים לילדים בלבד, וכן אינו יכול להשאיל יותר מ- 2 ספרים בו-זמנית. מבוגר יכול להשאיל רק ספרי קריאה</w:t></w:r><w:r><w:rPr><w:rFonts w:ascii="Arial" w:hAnsi="Arial" w:cs="Arial" w:hint="cs"/><w:rtl/></w:rPr><w:t xml:space="preserve"> ויכול לשבת בפינת הקריאה בספריה ולקרוא ספר</w:t></w:r><w:r w:rsidRPr="0048551A"><w:rPr><w:rFonts w:ascii="Arial" w:hAnsi="Arial" w:cs="Arial" w:hint="cs"/><w:rtl/></w:rPr><w:t>.</w:t></w:r></w:p><w:p w:rsidR="00E25309" w:rsidRPr="0048551A" w:rsidRDefault="00E25309" w:rsidP="00E25309"><w:pPr><w:spacing w:line="360" w:lineRule="auto"/><w:rPr><w:rFonts w:ascii="Arial" w:hAnsi="Arial" w:cs="Arial" w:hint="cs"/><w:rtl/></w:rPr></w:pPr><w:r><w:rPr><w:rFonts w:ascii="Arial" w:hAnsi="Arial" w:cs="Arial" w:hint="cs"/><w:rtl/></w:rPr><w:t xml:space="preserve">בספריה עובדות כמה ספרניות. לכל ספרנית יש מספר עובד ייחודי (החל מהמספר 1000), והיא יכולה להשאיל כל ספר </w:t></w:r><w:proofErr w:type="spellStart"/><w:r><w:rPr><w:rFonts w:ascii="Arial" w:hAnsi="Arial" w:cs="Arial" w:hint="cs"/><w:rtl/></w:rPr><w:t>מהספריה</w:t></w:r><w:proofErr w:type="spellEnd"/><w:r><w:rPr><w:rFonts w:ascii="Arial" w:hAnsi="Arial" w:cs="Arial" w:hint="cs"/><w:rtl/></w:rPr><w:t>. כמו כן, חלקן, בהתאם לוותק (מעל 3 שנים בתפקיד), יכולות לשבת בפינת הקריאה ולקרוא ספר.</w:t></w:r></w:p><w:p w:rsidR="00D56200" w:rsidRPr="00D56200" w:rsidRDefault="00D56200" w:rsidP="00C470E4"><w:pPr><w:rPr><w:rFonts w:ascii="Arial" w:hAnsi="Arial" w:cs="Arial"/><w:b/><w:bCs/><w:rtl/></w:rPr></w:pPr><w:r w:rsidRPr="00D56200"><w:rPr><w:rFonts w:ascii="Arial" w:hAnsi="Arial" w:cs="Arial" w:hint="cs"/><w:b/><w:bCs/><w:rtl/></w:rPr><w:t xml:space="preserve">סעיף </w:t></w:r><w:r><w:rPr><w:rFonts w:ascii="Arial" w:hAnsi="Arial" w:cs="Arial" w:hint="cs"/><w:b/><w:bCs/><w:rtl/></w:rPr><w:t>ב</w:t></w:r><w:r w:rsidRPr="00D56200"><w:rPr><w:rFonts w:ascii="Arial" w:hAnsi="Arial" w:cs="Arial" w:hint="cs"/><w:b/><w:bCs/><w:rtl/></w:rPr><w:t xml:space="preserve">'  - </w:t></w:r><w:r w:rsidR="00C470E4"><w:rPr><w:rFonts w:ascii="Arial" w:hAnsi="Arial" w:cs="Arial" w:hint="cs"/><w:b/><w:bCs/><w:rtl/></w:rPr><w:t>10</w:t></w:r><w:r><w:rPr><w:rFonts w:ascii="Arial" w:hAnsi="Arial" w:cs="Arial" w:hint="cs"/><w:b/><w:bCs/><w:rtl/></w:rPr><w:t xml:space="preserve"> </w:t></w:r><w:r w:rsidRPr="00D56200"><w:rPr><w:rFonts w:ascii="Arial" w:hAnsi="Arial" w:cs="Arial" w:hint="cs"/><w:b/><w:bCs/><w:rtl/></w:rPr><w:t xml:space="preserve"> נק' </w:t></w:r></w:p><w:p w:rsidR="00C470E4" w:rsidRDefault="00C470E4" w:rsidP="00C470E4"><w:pPr><w:spacing w:after="0" w:line="360" w:lineRule="auto"/><w:jc w:val="left"/><w:rPr><w:rFonts w:ascii="Arial" w:hAnsi="Arial" w:cs="Arial"/></w:rPr></w:pPr><w:r w:rsidRPr="00076078"><w:rPr><w:rFonts w:ascii="Arial" w:hAnsi="Arial" w:cs="Arial"/><w:rtl/></w:rPr><w:t xml:space="preserve">עבור המערכת שהוגדרה </w:t></w:r><w:r><w:rPr><w:rFonts w:ascii="Arial" w:hAnsi="Arial" w:cs="Arial" w:hint="cs"/><w:rtl/></w:rPr><w:t xml:space="preserve">בסעיף הקודם </w:t></w:r><w:r w:rsidRPr="00076078"><w:rPr><w:rFonts w:ascii="Arial" w:hAnsi="Arial" w:cs="Arial"/><w:rtl/></w:rPr><w:t xml:space="preserve"> ממש </w:t></w:r><w:r w:rsidRPr="00076078"><w:rPr><w:rFonts w:ascii="Arial" w:hAnsi="Arial" w:cs="Arial" w:hint="cs"/><w:rtl/></w:rPr><w:t xml:space="preserve">את השיטה </w:t></w:r><w:r><w:rPr><w:rFonts w:ascii="Arial" w:hAnsi="Arial" w:cs="Arial" w:hint="cs"/><w:rtl/></w:rPr><w:t>הבאה במחלקה ספריה :</w:t></w:r></w:p><w:p w:rsidR="00C470E4" w:rsidRDefault="00C470E4" w:rsidP="00C470E4"><w:pPr><w:bidi w:val="0"/><w:spacing w:after="0" w:line="360" w:lineRule="auto"/><w:jc w:val="left"/><w:rPr><w:rFonts w:ascii="Arial" w:hAnsi="Arial" w:cs="Arial"/></w:rPr></w:pPr><w:proofErr w:type="gramStart"/><w:r><w:rPr><w:rFonts w:ascii="Arial" w:hAnsi="Arial" w:cs="Arial"/></w:rPr><w:t xml:space="preserve">void  </w:t></w:r><w:proofErr w:type="spellStart"/><w:r><w:rPr><w:rFonts w:ascii="Arial" w:hAnsi="Arial" w:cs="Arial"/></w:rPr><w:t>checkOutBook</w:t></w:r><w:proofErr w:type="spellEnd"/><w:proofErr w:type="gramEnd"/><w:r><w:rPr><w:rFonts w:ascii="Arial" w:hAnsi="Arial" w:cs="Arial"/></w:rPr><w:t xml:space="preserve"> ( User </w:t></w:r><w:proofErr w:type="spellStart"/><w:r><w:rPr><w:rFonts w:ascii="Arial" w:hAnsi="Arial" w:cs="Arial"/></w:rPr><w:t>user</w:t></w:r><w:proofErr w:type="spellEnd"/><w:r><w:rPr><w:rFonts w:ascii="Arial" w:hAnsi="Arial" w:cs="Arial"/></w:rPr><w:t xml:space="preserve"> , Book </w:t></w:r><w:proofErr w:type="spellStart"/><w:r><w:rPr><w:rFonts w:ascii="Arial" w:hAnsi="Arial" w:cs="Arial"/></w:rPr><w:t>book</w:t></w:r><w:proofErr w:type="spellEnd"/><w:r><w:rPr><w:rFonts w:ascii="Arial" w:hAnsi="Arial" w:cs="Arial"/></w:rPr><w:t xml:space="preserve"> )  throws Exception </w:t></w:r></w:p><w:p w:rsidR="00C470E4" w:rsidRPr="006B120D" w:rsidRDefault="00C470E4" w:rsidP="002C5078"><w:pPr><w:rPr><w:rFonts w:ascii="Arial" w:hAnsi="Arial" w:cs="Arial" w:hint="cs"/><w:rtl/></w:rPr></w:pPr><w:r><w:rPr><w:rFonts w:ascii="Arial" w:hAnsi="Arial" w:cs="Arial" w:hint="cs"/><w:rtl/></w:rPr><w:t>הפעולה מקבלת מנוי וספר ומבצעת הליך של השאלת הספר</w:t></w:r><w:r w:rsidR="002C5078"><w:rPr><w:rFonts w:ascii="Arial" w:hAnsi="Arial" w:cs="Arial" w:hint="cs"/><w:rtl/></w:rPr><w:t xml:space="preserve"> למנוי . במידה וניתן להשאיל את הספר היא מעדכנת את כמות המופעים שלו ברשימת הספרים . במידה ולא ניתן להשאיל את הספר היא זורקת מצב חריג עם מחרוזת שבה מופיעה הסיבה  (מדוע לא ניתן להשאיל את הספר למנוי ) .  </w:t></w:r><w:r><w:rPr><w:rFonts w:ascii="Arial" w:hAnsi="Arial" w:cs="Arial" w:hint="cs"/><w:rtl/></w:rPr><w:t xml:space="preserve"> </w:t></w:r></w:p><w:p w:rsidR="00D56200" w:rsidRPr="00B30F72" w:rsidRDefault="00D56200" w:rsidP="00B30F72"><w:pPr><w:spacing w:line="300" w:lineRule="atLeast"/><w:rPr><w:b/><w:bCs/><w:u w:val="single"/><w:rtl/></w:rPr></w:pPr></w:p><w:p w:rsidR="001B7D3E" w:rsidRPr="00265B2E" w:rsidRDefault="00265B2E" w:rsidP="00B30F72"><w:pPr><w:spacing w:line="300" w:lineRule="atLeast"/><w:jc w:val="center"/><w:rPr><w:sz w:val="32"/><w:szCs w:val="32"/><w:rtl/></w:rPr></w:pPr><w:r w:rsidRPr="00265B2E"><w:rPr><w:rFonts w:hint="cs"/><w:b/><w:bCs/><w:sz w:val="32"/><w:szCs w:val="32"/><w:rtl/></w:rPr><w:t>בהצלחה !!!!</w:t></w:r></w:p><w:sectPr w:rsidR="001B7D3E" w:rsidRPr="00265B2E" w:rsidSect="005A6F89"><w:headerReference w:type="even" r:id="rId25"/><w:headerReference w:type="default" r:id="rId26"/><w:footerReference w:type="even" r:id="rId27"/><w:footerReference w:type="default" r:id="rId28"/><w:headerReference w:type="first" r:id="rId29"/><w:footerReference w:type="first" r:id="rId30"/><w:pgSz w:w="11906" w:h="16838"/><w:pgMar w:top="567" w:right="1531" w:bottom="567" w:left="1474" w:header="709" w:footer="709" w:gutter="0"/><w:cols w:space="708"/><w:bidi/><w:rtlGutter/><w:docGrid w:linePitch="360"/></w:sectPr></w:body></w:document>