<?xml version="1.0" encoding="UTF-8" standalone="yes"?>
<w:ftr xmlns:wpc="http://schemas.microsoft.com/office/word/2010/wordprocessingCanvas" xmlns:mc="http://schemas.openxmlformats.org/markup-compatibility/2006" xmlns:o="urn:schemas-microsoft-com:office:office" xmlns:r="http://schemas.openxmlformats.org/officeDocument/2006/relationships" xmlns:m="http://schemas.openxmlformats.org/officeDocument/2006/math" xmlns:v="urn:schemas-microsoft-com:vml" xmlns:wp14="http://schemas.microsoft.com/office/word/2010/wordprocessingDrawing" xmlns:wp="http://schemas.openxmlformats.org/drawingml/2006/wordprocessingDrawing" xmlns:w10="urn:schemas-microsoft-com:office:word" xmlns:w="http://schemas.openxmlformats.org/wordprocessingml/2006/main" xmlns:w14="http://schemas.microsoft.com/office/word/2010/wordml" xmlns:w15="http://schemas.microsoft.com/office/word/2012/wordml" xmlns:wpg="http://schemas.microsoft.com/office/word/2010/wordprocessingGroup" xmlns:wpi="http://schemas.microsoft.com/office/word/2010/wordprocessingInk" xmlns:wne="http://schemas.microsoft.com/office/word/2006/wordml" xmlns:wps="http://schemas.microsoft.com/office/word/2010/wordprocessingShape" mc:Ignorable="w14 w15 wp14"><w:p w:rsidR="00B05B08" w:rsidRDefault="00B05B08" w:rsidP="00E24246"><w:pPr><w:pStyle w:val="a4"/><w:framePr w:wrap="around" w:vAnchor="text" w:hAnchor="text" w:y="1"/><w:rPr><w:rStyle w:val="a5"/></w:rPr></w:pPr><w:r><w:rPr><w:rStyle w:val="a5"/><w:rtl/></w:rPr><w:fldChar w:fldCharType="begin"/></w:r><w:r><w:rPr><w:rStyle w:val="a5"/></w:rPr><w:instrText xml:space="preserve">PAGE  </w:instrText></w:r><w:r><w:rPr><w:rStyle w:val="a5"/><w:rtl/></w:rPr><w:fldChar w:fldCharType="end"/></w:r></w:p><w:p w:rsidR="00B05B08" w:rsidRDefault="00B05B08" w:rsidP="00E24246"><w:pPr><w:pStyle w:val="a4"/><w:ind w:right="360"/></w:pPr></w:p></w:ftr>