<?xml version="1.0" encoding="UTF-8" standalone="yes"?>
<w:numbering xmlns:wpc="http://schemas.microsoft.com/office/word/2010/wordprocessingCanvas" xmlns:mc="http://schemas.openxmlformats.org/markup-compatibility/2006" xmlns:o="urn:schemas-microsoft-com:office:office" xmlns:r="http://schemas.openxmlformats.org/officeDocument/2006/relationships" xmlns:m="http://schemas.openxmlformats.org/officeDocument/2006/math" xmlns:v="urn:schemas-microsoft-com:vml" xmlns:wp14="http://schemas.microsoft.com/office/word/2010/wordprocessingDrawing" xmlns:wp="http://schemas.openxmlformats.org/drawingml/2006/wordprocessingDrawing" xmlns:w10="urn:schemas-microsoft-com:office:word" xmlns:w="http://schemas.openxmlformats.org/wordprocessingml/2006/main" xmlns:w14="http://schemas.microsoft.com/office/word/2010/wordml" xmlns:w15="http://schemas.microsoft.com/office/word/2012/wordml" xmlns:wpg="http://schemas.microsoft.com/office/word/2010/wordprocessingGroup" xmlns:wpi="http://schemas.microsoft.com/office/word/2010/wordprocessingInk" xmlns:wne="http://schemas.microsoft.com/office/word/2006/wordml" xmlns:wps="http://schemas.microsoft.com/office/word/2010/wordprocessingShape" mc:Ignorable="w14 w15 wp14"><w:numPicBullet w:numPicBulletId="0"><w:pict><v:shapetype id="_x0000_t75" coordsize="21600,21600" o:spt="75" o:preferrelative="t" path="m@4@5l@4@11@9@11@9@5xe" filled="f" stroked="f"><v:stroke joinstyle="miter"/><v:formulas><v:f eqn="if lineDrawn pixelLineWidth 0"/><v:f eqn="sum @0 1 0"/><v:f eqn="sum 0 0 @1"/><v:f eqn="prod @2 1 2"/><v:f eqn="prod @3 21600 pixelWidth"/><v:f eqn="prod @3 21600 pixelHeight"/><v:f eqn="sum @0 0 1"/><v:f eqn="prod @6 1 2"/><v:f eqn="prod @7 21600 pixelWidth"/><v:f eqn="sum @8 21600 0"/><v:f eqn="prod @7 21600 pixelHeight"/><v:f eqn="sum @10 21600 0"/></v:formulas><v:path o:extrusionok="f" gradientshapeok="t" o:connecttype="rect"/><o:lock v:ext="edit" aspectratio="t"/></v:shapetype><v:shape id="_x0000_i1060" type="#_x0000_t75" style="width:35.25pt;height:15.75pt;visibility:visible;mso-wrap-style:square" o:bullet="t"><v:imagedata r:id="rId1" o:title=""/></v:shape></w:pict></w:numPicBullet><w:abstractNum w:abstractNumId="0" w15:restartNumberingAfterBreak="0"><w:nsid w:val="01D27246"/><w:multiLevelType w:val="hybridMultilevel"/><w:tmpl w:val="84CABBC8"/><w:lvl w:ilvl="0" w:tplc="04090001"><w:start w:val="1"/><w:numFmt w:val="bullet"/><w:lvlText w:val=""/><w:lvlJc w:val="left"/><w:pPr><w:tabs><w:tab w:val="num" w:pos="720"/></w:tabs><w:ind w:left="720" w:hanging="360"/></w:pPr><w:rPr><w:rFonts w:ascii="Symbol" w:hAnsi="Symbol" w:hint="default"/></w:rPr></w:lvl><w:lvl w:ilvl="1" w:tplc="04090003" w:tentative="1"><w:start w:val="1"/><w:numFmt w:val="bullet"/><w:lvlText w:val="o"/><w:lvlJc w:val="left"/><w:pPr><w:tabs><w:tab w:val="num" w:pos="1440"/></w:tabs><w:ind w:left="1440" w:hanging="360"/></w:pPr><w:rPr><w:rFonts w:ascii="Courier New" w:hAnsi="Courier New" w:cs="Courier New" w:hint="default"/></w:rPr></w:lvl><w:lvl w:ilvl="2" w:tplc="04090005" w:tentative="1"><w:start w:val="1"/><w:numFmt w:val="bullet"/><w:lvlText w:val=""/><w:lvlJc w:val="left"/><w:pPr><w:tabs><w:tab w:val="num" w:pos="2160"/></w:tabs><w:ind w:left="2160" w:hanging="360"/></w:pPr><w:rPr><w:rFonts w:ascii="Wingdings" w:hAnsi="Wingdings" w:hint="default"/></w:rPr></w:lvl><w:lvl w:ilvl="3" w:tplc="04090001" w:tentative="1"><w:start w:val="1"/><w:numFmt w:val="bullet"/><w:lvlText w:val=""/><w:lvlJc w:val="left"/><w:pPr><w:tabs><w:tab w:val="num" w:pos="2880"/></w:tabs><w:ind w:left="2880" w:hanging="360"/></w:pPr><w:rPr><w:rFonts w:ascii="Symbol" w:hAnsi="Symbol" w:hint="default"/></w:rPr></w:lvl><w:lvl w:ilvl="4" w:tplc="04090003" w:tentative="1"><w:start w:val="1"/><w:numFmt w:val="bullet"/><w:lvlText w:val="o"/><w:lvlJc w:val="left"/><w:pPr><w:tabs><w:tab w:val="num" w:pos="3600"/></w:tabs><w:ind w:left="3600" w:hanging="360"/></w:pPr><w:rPr><w:rFonts w:ascii="Courier New" w:hAnsi="Courier New" w:cs="Courier New" w:hint="default"/></w:rPr></w:lvl><w:lvl w:ilvl="5" w:tplc="04090005" w:tentative="1"><w:start w:val="1"/><w:numFmt w:val="bullet"/><w:lvlText w:val=""/><w:lvlJc w:val="left"/><w:pPr><w:tabs><w:tab w:val="num" w:pos="4320"/></w:tabs><w:ind w:left="4320" w:hanging="360"/></w:pPr><w:rPr><w:rFonts w:ascii="Wingdings" w:hAnsi="Wingdings" w:hint="default"/></w:rPr></w:lvl><w:lvl w:ilvl="6" w:tplc="04090001" w:tentative="1"><w:start w:val="1"/><w:numFmt w:val="bullet"/><w:lvlText w:val=""/><w:lvlJc w:val="left"/><w:pPr><w:tabs><w:tab w:val="num" w:pos="5040"/></w:tabs><w:ind w:left="5040" w:hanging="360"/></w:pPr><w:rPr><w:rFonts w:ascii="Symbol" w:hAnsi="Symbol" w:hint="default"/></w:rPr></w:lvl><w:lvl w:ilvl="7" w:tplc="04090003" w:tentative="1"><w:start w:val="1"/><w:numFmt w:val="bullet"/><w:lvlText w:val="o"/><w:lvlJc w:val="left"/><w:pPr><w:tabs><w:tab w:val="num" w:pos="5760"/></w:tabs><w:ind w:left="5760" w:hanging="360"/></w:pPr><w:rPr><w:rFonts w:ascii="Courier New" w:hAnsi="Courier New" w:cs="Courier New" w:hint="default"/></w:rPr></w:lvl><w:lvl w:ilvl="8" w:tplc="04090005" w:tentative="1"><w:start w:val="1"/><w:numFmt w:val="bullet"/><w:lvlText w:val=""/><w:lvlJc w:val="left"/><w:pPr><w:tabs><w:tab w:val="num" w:pos="6480"/></w:tabs><w:ind w:left="6480" w:hanging="360"/></w:pPr><w:rPr><w:rFonts w:ascii="Wingdings" w:hAnsi="Wingdings" w:hint="default"/></w:rPr></w:lvl></w:abstractNum><w:abstractNum w:abstractNumId="1" w15:restartNumberingAfterBreak="0"><w:nsid w:val="038230E9"/><w:multiLevelType w:val="hybridMultilevel"/><w:tmpl w:val="D890AD22"/><w:lvl w:ilvl="0" w:tplc="7E04D1DE"><w:start w:val="1"/><w:numFmt w:val="decimal"/><w:lvlText w:val="(%1)"/><w:lvlJc w:val="left"/><w:pPr><w:ind w:left="1080" w:hanging="360"/></w:pPr><w:rPr><w:rFonts w:hint="default"/></w:rPr></w:lvl><w:lvl w:ilvl="1" w:tplc="04090019" w:tentative="1"><w:start w:val="1"/><w:numFmt w:val="lowerLetter"/><w:lvlText w:val="%2."/><w:lvlJc w:val="left"/><w:pPr><w:ind w:left="1800" w:hanging="360"/></w:pPr></w:lvl><w:lvl w:ilvl="2" w:tplc="0409001B" w:tentative="1"><w:start w:val="1"/><w:numFmt w:val="lowerRoman"/><w:lvlText w:val="%3."/><w:lvlJc w:val="right"/><w:pPr><w:ind w:left="2520" w:hanging="180"/></w:pPr></w:lvl><w:lvl w:ilvl="3" w:tplc="0409000F" w:tentative="1"><w:start w:val="1"/><w:numFmt w:val="decimal"/><w:lvlText w:val="%4."/><w:lvlJc w:val="left"/><w:pPr><w:ind w:left="3240" w:hanging="360"/></w:pPr></w:lvl><w:lvl w:ilvl="4" w:tplc="04090019" w:tentative="1"><w:start w:val="1"/><w:numFmt w:val="lowerLetter"/><w:lvlText w:val="%5."/><w:lvlJc w:val="left"/><w:pPr><w:ind w:left="3960" w:hanging="360"/></w:pPr></w:lvl><w:lvl w:ilvl="5" w:tplc="0409001B" w:tentative="1"><w:start w:val="1"/><w:numFmt w:val="lowerRoman"/><w:lvlText w:val="%6."/><w:lvlJc w:val="right"/><w:pPr><w:ind w:left="4680" w:hanging="180"/></w:pPr></w:lvl><w:lvl w:ilvl="6" w:tplc="0409000F" w:tentative="1"><w:start w:val="1"/><w:numFmt w:val="decimal"/><w:lvlText w:val="%7."/><w:lvlJc w:val="left"/><w:pPr><w:ind w:left="5400" w:hanging="360"/></w:pPr></w:lvl><w:lvl w:ilvl="7" w:tplc="04090019" w:tentative="1"><w:start w:val="1"/><w:numFmt w:val="lowerLetter"/><w:lvlText w:val="%8."/><w:lvlJc w:val="left"/><w:pPr><w:ind w:left="6120" w:hanging="360"/></w:pPr></w:lvl><w:lvl w:ilvl="8" w:tplc="0409001B" w:tentative="1"><w:start w:val="1"/><w:numFmt w:val="lowerRoman"/><w:lvlText w:val="%9."/><w:lvlJc w:val="right"/><w:pPr><w:ind w:left="6840" w:hanging="180"/></w:pPr></w:lvl></w:abstractNum><w:abstractNum w:abstractNumId="2" w15:restartNumberingAfterBreak="0"><w:nsid w:val="03D6695C"/><w:multiLevelType w:val="hybridMultilevel"/><w:tmpl w:val="7464A028"/><w:lvl w:ilvl="0" w:tplc="4028C476"><w:start w:val="1"/><w:numFmt w:val="hebrew1"/><w:lvlText w:val="%1."/><w:lvlJc w:val="left"/><w:pPr><w:tabs><w:tab w:val="num" w:pos="720"/></w:tabs><w:ind w:left="720" w:hanging="360"/></w:pPr><w:rPr><w:rFonts w:hint="default"/></w:rPr></w:lvl><w:lvl w:ilvl="1" w:tplc="04090019" w:tentative="1"><w:start w:val="1"/><w:numFmt w:val="lowerLetter"/><w:lvlText w:val="%2."/><w:lvlJc w:val="left"/><w:pPr><w:tabs><w:tab w:val="num" w:pos="1440"/></w:tabs><w:ind w:left="1440" w:hanging="360"/></w:pPr></w:lvl><w:lvl w:ilvl="2" w:tplc="0409001B" w:tentative="1"><w:start w:val="1"/><w:numFmt w:val="lowerRoman"/><w:lvlText w:val="%3."/><w:lvlJc w:val="right"/><w:pPr><w:tabs><w:tab w:val="num" w:pos="2160"/></w:tabs><w:ind w:left="2160" w:hanging="180"/></w:pPr></w:lvl><w:lvl w:ilvl="3" w:tplc="0409000F" w:tentative="1"><w:start w:val="1"/><w:numFmt w:val="decimal"/><w:lvlText w:val="%4."/><w:lvlJc w:val="left"/><w:pPr><w:tabs><w:tab w:val="num" w:pos="2880"/></w:tabs><w:ind w:left="2880" w:hanging="360"/></w:pPr></w:lvl><w:lvl w:ilvl="4" w:tplc="04090019" w:tentative="1"><w:start w:val="1"/><w:numFmt w:val="lowerLetter"/><w:lvlText w:val="%5."/><w:lvlJc w:val="left"/><w:pPr><w:tabs><w:tab w:val="num" w:pos="3600"/></w:tabs><w:ind w:left="3600" w:hanging="360"/></w:pPr></w:lvl><w:lvl w:ilvl="5" w:tplc="0409001B" w:tentative="1"><w:start w:val="1"/><w:numFmt w:val="lowerRoman"/><w:lvlText w:val="%6."/><w:lvlJc w:val="right"/><w:pPr><w:tabs><w:tab w:val="num" w:pos="4320"/></w:tabs><w:ind w:left="4320" w:hanging="180"/></w:pPr></w:lvl><w:lvl w:ilvl="6" w:tplc="0409000F" w:tentative="1"><w:start w:val="1"/><w:numFmt w:val="decimal"/><w:lvlText w:val="%7."/><w:lvlJc w:val="left"/><w:pPr><w:tabs><w:tab w:val="num" w:pos="5040"/></w:tabs><w:ind w:left="5040" w:hanging="360"/></w:pPr></w:lvl><w:lvl w:ilvl="7" w:tplc="04090019" w:tentative="1"><w:start w:val="1"/><w:numFmt w:val="lowerLetter"/><w:lvlText w:val="%8."/><w:lvlJc w:val="left"/><w:pPr><w:tabs><w:tab w:val="num" w:pos="5760"/></w:tabs><w:ind w:left="5760" w:hanging="360"/></w:pPr></w:lvl><w:lvl w:ilvl="8" w:tplc="0409001B" w:tentative="1"><w:start w:val="1"/><w:numFmt w:val="lowerRoman"/><w:lvlText w:val="%9."/><w:lvlJc w:val="right"/><w:pPr><w:tabs><w:tab w:val="num" w:pos="6480"/></w:tabs><w:ind w:left="6480" w:hanging="180"/></w:pPr></w:lvl></w:abstractNum><w:abstractNum w:abstractNumId="3" w15:restartNumberingAfterBreak="0"><w:nsid w:val="04ED2C28"/><w:multiLevelType w:val="hybridMultilevel"/><w:tmpl w:val="5E24FC2C"/><w:lvl w:ilvl="0" w:tplc="B79C84CA"><w:start w:val="1"/><w:numFmt w:val="hebrew1"/><w:lvlText w:val="%1."/><w:lvlJc w:val="left"/><w:pPr><w:tabs><w:tab w:val="num" w:pos="981"/></w:tabs><w:ind w:left="981" w:hanging="360"/></w:pPr><w:rPr><w:rFonts w:hint="default"/></w:rPr></w:lvl><w:lvl w:ilvl="1" w:tplc="04090019" w:tentative="1"><w:start w:val="1"/><w:numFmt w:val="lowerLetter"/><w:lvlText w:val="%2."/><w:lvlJc w:val="left"/><w:pPr><w:tabs><w:tab w:val="num" w:pos="1440"/></w:tabs><w:ind w:left="1440" w:hanging="360"/></w:pPr></w:lvl><w:lvl w:ilvl="2" w:tplc="0409001B" w:tentative="1"><w:start w:val="1"/><w:numFmt w:val="lowerRoman"/><w:lvlText w:val="%3."/><w:lvlJc w:val="right"/><w:pPr><w:tabs><w:tab w:val="num" w:pos="2160"/></w:tabs><w:ind w:left="2160" w:hanging="180"/></w:pPr></w:lvl><w:lvl w:ilvl="3" w:tplc="0409000F" w:tentative="1"><w:start w:val="1"/><w:numFmt w:val="decimal"/><w:lvlText w:val="%4."/><w:lvlJc w:val="left"/><w:pPr><w:tabs><w:tab w:val="num" w:pos="2880"/></w:tabs><w:ind w:left="2880" w:hanging="360"/></w:pPr></w:lvl><w:lvl w:ilvl="4" w:tplc="04090019" w:tentative="1"><w:start w:val="1"/><w:numFmt w:val="lowerLetter"/><w:lvlText w:val="%5."/><w:lvlJc w:val="left"/><w:pPr><w:tabs><w:tab w:val="num" w:pos="3600"/></w:tabs><w:ind w:left="3600" w:hanging="360"/></w:pPr></w:lvl><w:lvl w:ilvl="5" w:tplc="0409001B" w:tentative="1"><w:start w:val="1"/><w:numFmt w:val="lowerRoman"/><w:lvlText w:val="%6."/><w:lvlJc w:val="right"/><w:pPr><w:tabs><w:tab w:val="num" w:pos="4320"/></w:tabs><w:ind w:left="4320" w:hanging="180"/></w:pPr></w:lvl><w:lvl w:ilvl="6" w:tplc="0409000F" w:tentative="1"><w:start w:val="1"/><w:numFmt w:val="decimal"/><w:lvlText w:val="%7."/><w:lvlJc w:val="left"/><w:pPr><w:tabs><w:tab w:val="num" w:pos="5040"/></w:tabs><w:ind w:left="5040" w:hanging="360"/></w:pPr></w:lvl><w:lvl w:ilvl="7" w:tplc="04090019" w:tentative="1"><w:start w:val="1"/><w:numFmt w:val="lowerLetter"/><w:lvlText w:val="%8."/><w:lvlJc w:val="left"/><w:pPr><w:tabs><w:tab w:val="num" w:pos="5760"/></w:tabs><w:ind w:left="5760" w:hanging="360"/></w:pPr></w:lvl><w:lvl w:ilvl="8" w:tplc="0409001B" w:tentative="1"><w:start w:val="1"/><w:numFmt w:val="lowerRoman"/><w:lvlText w:val="%9."/><w:lvlJc w:val="right"/><w:pPr><w:tabs><w:tab w:val="num" w:pos="6480"/></w:tabs><w:ind w:left="6480" w:hanging="180"/></w:pPr></w:lvl></w:abstractNum><w:abstractNum w:abstractNumId="4" w15:restartNumberingAfterBreak="0"><w:nsid w:val="06B037D3"/><w:multiLevelType w:val="singleLevel"/><w:tmpl w:val="040D0001"/><w:lvl w:ilvl="0"><w:start w:val="1"/><w:numFmt w:val="bullet"/><w:lvlText w:val=""/><w:lvlJc w:val="center"/><w:pPr><w:tabs><w:tab w:val="num" w:pos="648"/></w:tabs><w:ind w:left="360" w:right="360" w:hanging="72"/></w:pPr><w:rPr><w:rFonts w:ascii="Symbol" w:hAnsi="Symbol" w:hint="default"/></w:rPr></w:lvl></w:abstractNum><w:abstractNum w:abstractNumId="5" w15:restartNumberingAfterBreak="0"><w:nsid w:val="0FD10842"/><w:multiLevelType w:val="hybridMultilevel"/><w:tmpl w:val="1576C080"/><w:lvl w:ilvl="0" w:tplc="0409000F"><w:start w:val="1"/><w:numFmt w:val="decimal"/><w:lvlText w:val="%1."/><w:lvlJc w:val="left"/><w:pPr><w:tabs><w:tab w:val="num" w:pos="644"/></w:tabs><w:ind w:left="644" w:hanging="360"/></w:pPr><w:rPr><w:rFonts w:hint="default"/></w:rPr></w:lvl><w:lvl w:ilvl="1" w:tplc="04090019" w:tentative="1"><w:start w:val="1"/><w:numFmt w:val="lowerLetter"/><w:lvlText w:val="%2."/><w:lvlJc w:val="left"/><w:pPr><w:tabs><w:tab w:val="num" w:pos="1364"/></w:tabs><w:ind w:left="1364" w:hanging="360"/></w:pPr></w:lvl><w:lvl w:ilvl="2" w:tplc="0409001B" w:tentative="1"><w:start w:val="1"/><w:numFmt w:val="lowerRoman"/><w:lvlText w:val="%3."/><w:lvlJc w:val="right"/><w:pPr><w:tabs><w:tab w:val="num" w:pos="2084"/></w:tabs><w:ind w:left="2084" w:hanging="180"/></w:pPr></w:lvl><w:lvl w:ilvl="3" w:tplc="0409000F" w:tentative="1"><w:start w:val="1"/><w:numFmt w:val="decimal"/><w:lvlText w:val="%4."/><w:lvlJc w:val="left"/><w:pPr><w:tabs><w:tab w:val="num" w:pos="2804"/></w:tabs><w:ind w:left="2804" w:hanging="360"/></w:pPr></w:lvl><w:lvl w:ilvl="4" w:tplc="04090019" w:tentative="1"><w:start w:val="1"/><w:numFmt w:val="lowerLetter"/><w:lvlText w:val="%5."/><w:lvlJc w:val="left"/><w:pPr><w:tabs><w:tab w:val="num" w:pos="3524"/></w:tabs><w:ind w:left="3524" w:hanging="360"/></w:pPr></w:lvl><w:lvl w:ilvl="5" w:tplc="0409001B" w:tentative="1"><w:start w:val="1"/><w:numFmt w:val="lowerRoman"/><w:lvlText w:val="%6."/><w:lvlJc w:val="right"/><w:pPr><w:tabs><w:tab w:val="num" w:pos="4244"/></w:tabs><w:ind w:left="4244" w:hanging="180"/></w:pPr></w:lvl><w:lvl w:ilvl="6" w:tplc="0409000F" w:tentative="1"><w:start w:val="1"/><w:numFmt w:val="decimal"/><w:lvlText w:val="%7."/><w:lvlJc w:val="left"/><w:pPr><w:tabs><w:tab w:val="num" w:pos="4964"/></w:tabs><w:ind w:left="4964" w:hanging="360"/></w:pPr></w:lvl><w:lvl w:ilvl="7" w:tplc="04090019" w:tentative="1"><w:start w:val="1"/><w:numFmt w:val="lowerLetter"/><w:lvlText w:val="%8."/><w:lvlJc w:val="left"/><w:pPr><w:tabs><w:tab w:val="num" w:pos="5684"/></w:tabs><w:ind w:left="5684" w:hanging="360"/></w:pPr></w:lvl><w:lvl w:ilvl="8" w:tplc="0409001B" w:tentative="1"><w:start w:val="1"/><w:numFmt w:val="lowerRoman"/><w:lvlText w:val="%9."/><w:lvlJc w:val="right"/><w:pPr><w:tabs><w:tab w:val="num" w:pos="6404"/></w:tabs><w:ind w:left="6404" w:hanging="180"/></w:pPr></w:lvl></w:abstractNum><w:abstractNum w:abstractNumId="6" w15:restartNumberingAfterBreak="0"><w:nsid w:val="15660D12"/><w:multiLevelType w:val="hybridMultilevel"/><w:tmpl w:val="3DC4FB7C"/><w:lvl w:ilvl="0" w:tplc="0409000F"><w:start w:val="1"/><w:numFmt w:val="decimal"/><w:lvlText w:val="%1."/><w:lvlJc w:val="left"/><w:pPr><w:ind w:left="720" w:hanging="360"/></w:pPr><w:rPr><w:rFonts w:hint="default"/></w:rPr></w:lvl><w:lvl w:ilvl="1" w:tplc="04090019" w:tentative="1"><w:start w:val="1"/><w:numFmt w:val="lowerLetter"/><w:lvlText w:val="%2."/><w:lvlJc w:val="left"/><w:pPr><w:ind w:left="1440" w:hanging="360"/></w:pPr></w:lvl><w:lvl w:ilvl="2" w:tplc="0409001B" w:tentative="1"><w:start w:val="1"/><w:numFmt w:val="lowerRoman"/><w:lvlText w:val="%3."/><w:lvlJc w:val="right"/><w:pPr><w:ind w:left="2160" w:hanging="180"/></w:pPr></w:lvl><w:lvl w:ilvl="3" w:tplc="0409000F" w:tentative="1"><w:start w:val="1"/><w:numFmt w:val="decimal"/><w:lvlText w:val="%4."/><w:lvlJc w:val="left"/><w:pPr><w:ind w:left="2880" w:hanging="360"/></w:pPr></w:lvl><w:lvl w:ilvl="4" w:tplc="04090019" w:tentative="1"><w:start w:val="1"/><w:numFmt w:val="lowerLetter"/><w:lvlText w:val="%5."/><w:lvlJc w:val="left"/><w:pPr><w:ind w:left="3600" w:hanging="360"/></w:pPr></w:lvl><w:lvl w:ilvl="5" w:tplc="0409001B" w:tentative="1"><w:start w:val="1"/><w:numFmt w:val="lowerRoman"/><w:lvlText w:val="%6."/><w:lvlJc w:val="right"/><w:pPr><w:ind w:left="4320" w:hanging="180"/></w:pPr></w:lvl><w:lvl w:ilvl="6" w:tplc="0409000F" w:tentative="1"><w:start w:val="1"/><w:numFmt w:val="decimal"/><w:lvlText w:val="%7."/><w:lvlJc w:val="left"/><w:pPr><w:ind w:left="5040" w:hanging="360"/></w:pPr></w:lvl><w:lvl w:ilvl="7" w:tplc="04090019" w:tentative="1"><w:start w:val="1"/><w:numFmt w:val="lowerLetter"/><w:lvlText w:val="%8."/><w:lvlJc w:val="left"/><w:pPr><w:ind w:left="5760" w:hanging="360"/></w:pPr></w:lvl><w:lvl w:ilvl="8" w:tplc="0409001B" w:tentative="1"><w:start w:val="1"/><w:numFmt w:val="lowerRoman"/><w:lvlText w:val="%9."/><w:lvlJc w:val="right"/><w:pPr><w:ind w:left="6480" w:hanging="180"/></w:pPr></w:lvl></w:abstractNum><w:abstractNum w:abstractNumId="7" w15:restartNumberingAfterBreak="0"><w:nsid w:val="1C4B0E34"/><w:multiLevelType w:val="hybridMultilevel"/><w:tmpl w:val="C5584F6C"/><w:lvl w:ilvl="0" w:tplc="06FEB860"><w:start w:val="1"/><w:numFmt w:val="hebrew1"/><w:lvlText w:val="%1."/><w:lvlJc w:val="left"/><w:pPr><w:ind w:left="720" w:hanging="360"/></w:pPr><w:rPr><w:rFonts w:hint="default"/></w:rPr></w:lvl><w:lvl w:ilvl="1" w:tplc="04090019" w:tentative="1"><w:start w:val="1"/><w:numFmt w:val="lowerLetter"/><w:lvlText w:val="%2."/><w:lvlJc w:val="left"/><w:pPr><w:ind w:left="1440" w:hanging="360"/></w:pPr></w:lvl><w:lvl w:ilvl="2" w:tplc="0409001B" w:tentative="1"><w:start w:val="1"/><w:numFmt w:val="lowerRoman"/><w:lvlText w:val="%3."/><w:lvlJc w:val="right"/><w:pPr><w:ind w:left="2160" w:hanging="180"/></w:pPr></w:lvl><w:lvl w:ilvl="3" w:tplc="0409000F" w:tentative="1"><w:start w:val="1"/><w:numFmt w:val="decimal"/><w:lvlText w:val="%4."/><w:lvlJc w:val="left"/><w:pPr><w:ind w:left="2880" w:hanging="360"/></w:pPr></w:lvl><w:lvl w:ilvl="4" w:tplc="04090019" w:tentative="1"><w:start w:val="1"/><w:numFmt w:val="lowerLetter"/><w:lvlText w:val="%5."/><w:lvlJc w:val="left"/><w:pPr><w:ind w:left="3600" w:hanging="360"/></w:pPr></w:lvl><w:lvl w:ilvl="5" w:tplc="0409001B" w:tentative="1"><w:start w:val="1"/><w:numFmt w:val="lowerRoman"/><w:lvlText w:val="%6."/><w:lvlJc w:val="right"/><w:pPr><w:ind w:left="4320" w:hanging="180"/></w:pPr></w:lvl><w:lvl w:ilvl="6" w:tplc="0409000F" w:tentative="1"><w:start w:val="1"/><w:numFmt w:val="decimal"/><w:lvlText w:val="%7."/><w:lvlJc w:val="left"/><w:pPr><w:ind w:left="5040" w:hanging="360"/></w:pPr></w:lvl><w:lvl w:ilvl="7" w:tplc="04090019" w:tentative="1"><w:start w:val="1"/><w:numFmt w:val="lowerLetter"/><w:lvlText w:val="%8."/><w:lvlJc w:val="left"/><w:pPr><w:ind w:left="5760" w:hanging="360"/></w:pPr></w:lvl><w:lvl w:ilvl="8" w:tplc="0409001B" w:tentative="1"><w:start w:val="1"/><w:numFmt w:val="lowerRoman"/><w:lvlText w:val="%9."/><w:lvlJc w:val="right"/><w:pPr><w:ind w:left="6480" w:hanging="180"/></w:pPr></w:lvl></w:abstractNum><w:abstractNum w:abstractNumId="8" w15:restartNumberingAfterBreak="0"><w:nsid w:val="1C82598A"/><w:multiLevelType w:val="hybridMultilevel"/><w:tmpl w:val="7AEAF19C"/><w:lvl w:ilvl="0" w:tplc="505437D8"><w:start w:val="1"/><w:numFmt w:val="decimal"/><w:lvlText w:val="%1."/><w:lvlJc w:val="left"/><w:pPr><w:tabs><w:tab w:val="num" w:pos="360"/></w:tabs><w:ind w:left="360" w:right="360" w:hanging="360"/></w:pPr><w:rPr><w:rFonts w:hint="default"/></w:rPr></w:lvl><w:lvl w:ilvl="1" w:tplc="04090019" w:tentative="1"><w:start w:val="1"/><w:numFmt w:val="lowerLetter"/><w:lvlText w:val="%2."/><w:lvlJc w:val="left"/><w:pPr><w:tabs><w:tab w:val="num" w:pos="1440"/></w:tabs><w:ind w:left="1440" w:hanging="360"/></w:pPr></w:lvl><w:lvl w:ilvl="2" w:tplc="0409001B" w:tentative="1"><w:start w:val="1"/><w:numFmt w:val="lowerRoman"/><w:lvlText w:val="%3."/><w:lvlJc w:val="right"/><w:pPr><w:tabs><w:tab w:val="num" w:pos="2160"/></w:tabs><w:ind w:left="2160" w:hanging="180"/></w:pPr></w:lvl><w:lvl w:ilvl="3" w:tplc="0409000F" w:tentative="1"><w:start w:val="1"/><w:numFmt w:val="decimal"/><w:lvlText w:val="%4."/><w:lvlJc w:val="left"/><w:pPr><w:tabs><w:tab w:val="num" w:pos="2880"/></w:tabs><w:ind w:left="2880" w:hanging="360"/></w:pPr></w:lvl><w:lvl w:ilvl="4" w:tplc="04090019" w:tentative="1"><w:start w:val="1"/><w:numFmt w:val="lowerLetter"/><w:lvlText w:val="%5."/><w:lvlJc w:val="left"/><w:pPr><w:tabs><w:tab w:val="num" w:pos="3600"/></w:tabs><w:ind w:left="3600" w:hanging="360"/></w:pPr></w:lvl><w:lvl w:ilvl="5" w:tplc="0409001B" w:tentative="1"><w:start w:val="1"/><w:numFmt w:val="lowerRoman"/><w:lvlText w:val="%6."/><w:lvlJc w:val="right"/><w:pPr><w:tabs><w:tab w:val="num" w:pos="4320"/></w:tabs><w:ind w:left="4320" w:hanging="180"/></w:pPr></w:lvl><w:lvl w:ilvl="6" w:tplc="0409000F" w:tentative="1"><w:start w:val="1"/><w:numFmt w:val="decimal"/><w:lvlText w:val="%7."/><w:lvlJc w:val="left"/><w:pPr><w:tabs><w:tab w:val="num" w:pos="5040"/></w:tabs><w:ind w:left="5040" w:hanging="360"/></w:pPr></w:lvl><w:lvl w:ilvl="7" w:tplc="04090019" w:tentative="1"><w:start w:val="1"/><w:numFmt w:val="lowerLetter"/><w:lvlText w:val="%8."/><w:lvlJc w:val="left"/><w:pPr><w:tabs><w:tab w:val="num" w:pos="5760"/></w:tabs><w:ind w:left="5760" w:hanging="360"/></w:pPr></w:lvl><w:lvl w:ilvl="8" w:tplc="0409001B" w:tentative="1"><w:start w:val="1"/><w:numFmt w:val="lowerRoman"/><w:lvlText w:val="%9."/><w:lvlJc w:val="right"/><w:pPr><w:tabs><w:tab w:val="num" w:pos="6480"/></w:tabs><w:ind w:left="6480" w:hanging="180"/></w:pPr></w:lvl></w:abstractNum><w:abstractNum w:abstractNumId="9" w15:restartNumberingAfterBreak="0"><w:nsid w:val="1F900C10"/><w:multiLevelType w:val="hybridMultilevel"/><w:tmpl w:val="C0D41A78"/><w:lvl w:ilvl="0" w:tplc="01D6B95E"><w:start w:val="1"/><w:numFmt w:val="hebrew1"/><w:lvlText w:val="%1."/><w:lvlJc w:val="left"/><w:pPr><w:ind w:left="720" w:hanging="360"/></w:pPr><w:rPr><w:rFonts w:hint="default"/></w:rPr></w:lvl><w:lvl w:ilvl="1" w:tplc="04090019" w:tentative="1"><w:start w:val="1"/><w:numFmt w:val="lowerLetter"/><w:lvlText w:val="%2."/><w:lvlJc w:val="left"/><w:pPr><w:ind w:left="1440" w:hanging="360"/></w:pPr></w:lvl><w:lvl w:ilvl="2" w:tplc="0409001B" w:tentative="1"><w:start w:val="1"/><w:numFmt w:val="lowerRoman"/><w:lvlText w:val="%3."/><w:lvlJc w:val="right"/><w:pPr><w:ind w:left="2160" w:hanging="180"/></w:pPr></w:lvl><w:lvl w:ilvl="3" w:tplc="0409000F" w:tentative="1"><w:start w:val="1"/><w:numFmt w:val="decimal"/><w:lvlText w:val="%4."/><w:lvlJc w:val="left"/><w:pPr><w:ind w:left="2880" w:hanging="360"/></w:pPr></w:lvl><w:lvl w:ilvl="4" w:tplc="04090019" w:tentative="1"><w:start w:val="1"/><w:numFmt w:val="lowerLetter"/><w:lvlText w:val="%5."/><w:lvlJc w:val="left"/><w:pPr><w:ind w:left="3600" w:hanging="360"/></w:pPr></w:lvl><w:lvl w:ilvl="5" w:tplc="0409001B" w:tentative="1"><w:start w:val="1"/><w:numFmt w:val="lowerRoman"/><w:lvlText w:val="%6."/><w:lvlJc w:val="right"/><w:pPr><w:ind w:left="4320" w:hanging="180"/></w:pPr></w:lvl><w:lvl w:ilvl="6" w:tplc="0409000F" w:tentative="1"><w:start w:val="1"/><w:numFmt w:val="decimal"/><w:lvlText w:val="%7."/><w:lvlJc w:val="left"/><w:pPr><w:ind w:left="5040" w:hanging="360"/></w:pPr></w:lvl><w:lvl w:ilvl="7" w:tplc="04090019" w:tentative="1"><w:start w:val="1"/><w:numFmt w:val="lowerLetter"/><w:lvlText w:val="%8."/><w:lvlJc w:val="left"/><w:pPr><w:ind w:left="5760" w:hanging="360"/></w:pPr></w:lvl><w:lvl w:ilvl="8" w:tplc="0409001B" w:tentative="1"><w:start w:val="1"/><w:numFmt w:val="lowerRoman"/><w:lvlText w:val="%9."/><w:lvlJc w:val="right"/><w:pPr><w:ind w:left="6480" w:hanging="180"/></w:pPr></w:lvl></w:abstractNum><w:abstractNum w:abstractNumId="10" w15:restartNumberingAfterBreak="0"><w:nsid w:val="25561A3A"/><w:multiLevelType w:val="hybridMultilevel"/><w:tmpl w:val="C3CE6F62"/><w:lvl w:ilvl="0" w:tplc="0409000F"><w:start w:val="1"/><w:numFmt w:val="decimal"/><w:lvlText w:val="%1."/><w:lvlJc w:val="left"/><w:pPr><w:tabs><w:tab w:val="num" w:pos="720"/></w:tabs><w:ind w:left="720" w:hanging="360"/></w:pPr></w:lvl><w:lvl w:ilvl="1" w:tplc="04090019" w:tentative="1"><w:start w:val="1"/><w:numFmt w:val="lowerLetter"/><w:lvlText w:val="%2."/><w:lvlJc w:val="left"/><w:pPr><w:tabs><w:tab w:val="num" w:pos="1440"/></w:tabs><w:ind w:left="1440" w:hanging="360"/></w:pPr></w:lvl><w:lvl w:ilvl="2" w:tplc="0409001B" w:tentative="1"><w:start w:val="1"/><w:numFmt w:val="lowerRoman"/><w:lvlText w:val="%3."/><w:lvlJc w:val="right"/><w:pPr><w:tabs><w:tab w:val="num" w:pos="2160"/></w:tabs><w:ind w:left="2160" w:hanging="180"/></w:pPr></w:lvl><w:lvl w:ilvl="3" w:tplc="0409000F" w:tentative="1"><w:start w:val="1"/><w:numFmt w:val="decimal"/><w:lvlText w:val="%4."/><w:lvlJc w:val="left"/><w:pPr><w:tabs><w:tab w:val="num" w:pos="2880"/></w:tabs><w:ind w:left="2880" w:hanging="360"/></w:pPr></w:lvl><w:lvl w:ilvl="4" w:tplc="04090019" w:tentative="1"><w:start w:val="1"/><w:numFmt w:val="lowerLetter"/><w:lvlText w:val="%5."/><w:lvlJc w:val="left"/><w:pPr><w:tabs><w:tab w:val="num" w:pos="3600"/></w:tabs><w:ind w:left="3600" w:hanging="360"/></w:pPr></w:lvl><w:lvl w:ilvl="5" w:tplc="0409001B" w:tentative="1"><w:start w:val="1"/><w:numFmt w:val="lowerRoman"/><w:lvlText w:val="%6."/><w:lvlJc w:val="right"/><w:pPr><w:tabs><w:tab w:val="num" w:pos="4320"/></w:tabs><w:ind w:left="4320" w:hanging="180"/></w:pPr></w:lvl><w:lvl w:ilvl="6" w:tplc="0409000F" w:tentative="1"><w:start w:val="1"/><w:numFmt w:val="decimal"/><w:lvlText w:val="%7."/><w:lvlJc w:val="left"/><w:pPr><w:tabs><w:tab w:val="num" w:pos="5040"/></w:tabs><w:ind w:left="5040" w:hanging="360"/></w:pPr></w:lvl><w:lvl w:ilvl="7" w:tplc="04090019" w:tentative="1"><w:start w:val="1"/><w:numFmt w:val="lowerLetter"/><w:lvlText w:val="%8."/><w:lvlJc w:val="left"/><w:pPr><w:tabs><w:tab w:val="num" w:pos="5760"/></w:tabs><w:ind w:left="5760" w:hanging="360"/></w:pPr></w:lvl><w:lvl w:ilvl="8" w:tplc="0409001B" w:tentative="1"><w:start w:val="1"/><w:numFmt w:val="lowerRoman"/><w:lvlText w:val="%9."/><w:lvlJc w:val="right"/><w:pPr><w:tabs><w:tab w:val="num" w:pos="6480"/></w:tabs><w:ind w:left="6480" w:hanging="180"/></w:pPr></w:lvl></w:abstractNum><w:abstractNum w:abstractNumId="11" w15:restartNumberingAfterBreak="0"><w:nsid w:val="2D3A38A2"/><w:multiLevelType w:val="hybridMultilevel"/><w:tmpl w:val="53A8AEF0"/><w:lvl w:ilvl="0" w:tplc="B4548B16"><w:numFmt w:val="bullet"/><w:lvlText w:val="-"/><w:lvlJc w:val="left"/><w:pPr><w:ind w:left="720" w:hanging="360"/></w:pPr><w:rPr><w:rFonts w:ascii="Times New Roman" w:eastAsia="Times New Roman" w:hAnsi="Times New Roman" w:cs="David" w:hint="default"/></w:rPr></w:lvl><w:lvl w:ilvl="1" w:tplc="04090003" w:tentative="1"><w:start w:val="1"/><w:numFmt w:val="bullet"/><w:lvlText w:val="o"/><w:lvlJc w:val="left"/><w:pPr><w:ind w:left="1440" w:hanging="360"/></w:pPr><w:rPr><w:rFonts w:ascii="Courier New" w:hAnsi="Courier New" w:cs="Courier New" w:hint="default"/></w:rPr></w:lvl><w:lvl w:ilvl="2" w:tplc="04090005" w:tentative="1"><w:start w:val="1"/><w:numFmt w:val="bullet"/><w:lvlText w:val=""/><w:lvlJc w:val="left"/><w:pPr><w:ind w:left="2160" w:hanging="360"/></w:pPr><w:rPr><w:rFonts w:ascii="Wingdings" w:hAnsi="Wingdings" w:hint="default"/></w:rPr></w:lvl><w:lvl w:ilvl="3" w:tplc="04090001" w:tentative="1"><w:start w:val="1"/><w:numFmt w:val="bullet"/><w:lvlText w:val=""/><w:lvlJc w:val="left"/><w:pPr><w:ind w:left="2880" w:hanging="360"/></w:pPr><w:rPr><w:rFonts w:ascii="Symbol" w:hAnsi="Symbol" w:hint="default"/></w:rPr></w:lvl><w:lvl w:ilvl="4" w:tplc="04090003" w:tentative="1"><w:start w:val="1"/><w:numFmt w:val="bullet"/><w:lvlText w:val="o"/><w:lvlJc w:val="left"/><w:pPr><w:ind w:left="3600" w:hanging="360"/></w:pPr><w:rPr><w:rFonts w:ascii="Courier New" w:hAnsi="Courier New" w:cs="Courier New" w:hint="default"/></w:rPr></w:lvl><w:lvl w:ilvl="5" w:tplc="04090005" w:tentative="1"><w:start w:val="1"/><w:numFmt w:val="bullet"/><w:lvlText w:val=""/><w:lvlJc w:val="left"/><w:pPr><w:ind w:left="4320" w:hanging="360"/></w:pPr><w:rPr><w:rFonts w:ascii="Wingdings" w:hAnsi="Wingdings" w:hint="default"/></w:rPr></w:lvl><w:lvl w:ilvl="6" w:tplc="04090001" w:tentative="1"><w:start w:val="1"/><w:numFmt w:val="bullet"/><w:lvlText w:val=""/><w:lvlJc w:val="left"/><w:pPr><w:ind w:left="5040" w:hanging="360"/></w:pPr><w:rPr><w:rFonts w:ascii="Symbol" w:hAnsi="Symbol" w:hint="default"/></w:rPr></w:lvl><w:lvl w:ilvl="7" w:tplc="04090003" w:tentative="1"><w:start w:val="1"/><w:numFmt w:val="bullet"/><w:lvlText w:val="o"/><w:lvlJc w:val="left"/><w:pPr><w:ind w:left="5760" w:hanging="360"/></w:pPr><w:rPr><w:rFonts w:ascii="Courier New" w:hAnsi="Courier New" w:cs="Courier New" w:hint="default"/></w:rPr></w:lvl><w:lvl w:ilvl="8" w:tplc="04090005" w:tentative="1"><w:start w:val="1"/><w:numFmt w:val="bullet"/><w:lvlText w:val=""/><w:lvlJc w:val="left"/><w:pPr><w:ind w:left="6480" w:hanging="360"/></w:pPr><w:rPr><w:rFonts w:ascii="Wingdings" w:hAnsi="Wingdings" w:hint="default"/></w:rPr></w:lvl></w:abstractNum><w:abstractNum w:abstractNumId="12" w15:restartNumberingAfterBreak="0"><w:nsid w:val="2EC32A33"/><w:multiLevelType w:val="hybridMultilevel"/><w:tmpl w:val="2864DC68"/><w:lvl w:ilvl="0" w:tplc="0409000F"><w:start w:val="1"/><w:numFmt w:val="decimal"/><w:lvlText w:val="%1."/><w:lvlJc w:val="left"/><w:pPr><w:tabs><w:tab w:val="num" w:pos="720"/></w:tabs><w:ind w:left="720" w:hanging="360"/></w:pPr></w:lvl><w:lvl w:ilvl="1" w:tplc="04090019" w:tentative="1"><w:start w:val="1"/><w:numFmt w:val="lowerLetter"/><w:lvlText w:val="%2."/><w:lvlJc w:val="left"/><w:pPr><w:tabs><w:tab w:val="num" w:pos="1440"/></w:tabs><w:ind w:left="1440" w:hanging="360"/></w:pPr></w:lvl><w:lvl w:ilvl="2" w:tplc="0409001B" w:tentative="1"><w:start w:val="1"/><w:numFmt w:val="lowerRoman"/><w:lvlText w:val="%3."/><w:lvlJc w:val="right"/><w:pPr><w:tabs><w:tab w:val="num" w:pos="2160"/></w:tabs><w:ind w:left="2160" w:hanging="180"/></w:pPr></w:lvl><w:lvl w:ilvl="3" w:tplc="0409000F" w:tentative="1"><w:start w:val="1"/><w:numFmt w:val="decimal"/><w:lvlText w:val="%4."/><w:lvlJc w:val="left"/><w:pPr><w:tabs><w:tab w:val="num" w:pos="2880"/></w:tabs><w:ind w:left="2880" w:hanging="360"/></w:pPr></w:lvl><w:lvl w:ilvl="4" w:tplc="04090019" w:tentative="1"><w:start w:val="1"/><w:numFmt w:val="lowerLetter"/><w:lvlText w:val="%5."/><w:lvlJc w:val="left"/><w:pPr><w:tabs><w:tab w:val="num" w:pos="3600"/></w:tabs><w:ind w:left="3600" w:hanging="360"/></w:pPr></w:lvl><w:lvl w:ilvl="5" w:tplc="0409001B" w:tentative="1"><w:start w:val="1"/><w:numFmt w:val="lowerRoman"/><w:lvlText w:val="%6."/><w:lvlJc w:val="right"/><w:pPr><w:tabs><w:tab w:val="num" w:pos="4320"/></w:tabs><w:ind w:left="4320" w:hanging="180"/></w:pPr></w:lvl><w:lvl w:ilvl="6" w:tplc="0409000F" w:tentative="1"><w:start w:val="1"/><w:numFmt w:val="decimal"/><w:lvlText w:val="%7."/><w:lvlJc w:val="left"/><w:pPr><w:tabs><w:tab w:val="num" w:pos="5040"/></w:tabs><w:ind w:left="5040" w:hanging="360"/></w:pPr></w:lvl><w:lvl w:ilvl="7" w:tplc="04090019" w:tentative="1"><w:start w:val="1"/><w:numFmt w:val="lowerLetter"/><w:lvlText w:val="%8."/><w:lvlJc w:val="left"/><w:pPr><w:tabs><w:tab w:val="num" w:pos="5760"/></w:tabs><w:ind w:left="5760" w:hanging="360"/></w:pPr></w:lvl><w:lvl w:ilvl="8" w:tplc="0409001B" w:tentative="1"><w:start w:val="1"/><w:numFmt w:val="lowerRoman"/><w:lvlText w:val="%9."/><w:lvlJc w:val="right"/><w:pPr><w:tabs><w:tab w:val="num" w:pos="6480"/></w:tabs><w:ind w:left="6480" w:hanging="180"/></w:pPr></w:lvl></w:abstractNum><w:abstractNum w:abstractNumId="13" w15:restartNumberingAfterBreak="0"><w:nsid w:val="341C43BB"/><w:multiLevelType w:val="hybridMultilevel"/><w:tmpl w:val="349E02FE"/><w:lvl w:ilvl="0" w:tplc="51BC1B2E"><w:start w:val="1"/><w:numFmt w:val="decimal"/><w:lvlText w:val="%1."/><w:lvlJc w:val="left"/><w:pPr><w:ind w:left="1080" w:hanging="360"/></w:pPr><w:rPr><w:rFonts w:hint="default"/></w:rPr></w:lvl><w:lvl w:ilvl="1" w:tplc="04090019" w:tentative="1"><w:start w:val="1"/><w:numFmt w:val="lowerLetter"/><w:lvlText w:val="%2."/><w:lvlJc w:val="left"/><w:pPr><w:ind w:left="1800" w:hanging="360"/></w:pPr></w:lvl><w:lvl w:ilvl="2" w:tplc="0409001B" w:tentative="1"><w:start w:val="1"/><w:numFmt w:val="lowerRoman"/><w:lvlText w:val="%3."/><w:lvlJc w:val="right"/><w:pPr><w:ind w:left="2520" w:hanging="180"/></w:pPr></w:lvl><w:lvl w:ilvl="3" w:tplc="0409000F" w:tentative="1"><w:start w:val="1"/><w:numFmt w:val="decimal"/><w:lvlText w:val="%4."/><w:lvlJc w:val="left"/><w:pPr><w:ind w:left="3240" w:hanging="360"/></w:pPr></w:lvl><w:lvl w:ilvl="4" w:tplc="04090019" w:tentative="1"><w:start w:val="1"/><w:numFmt w:val="lowerLetter"/><w:lvlText w:val="%5."/><w:lvlJc w:val="left"/><w:pPr><w:ind w:left="3960" w:hanging="360"/></w:pPr></w:lvl><w:lvl w:ilvl="5" w:tplc="0409001B" w:tentative="1"><w:start w:val="1"/><w:numFmt w:val="lowerRoman"/><w:lvlText w:val="%6."/><w:lvlJc w:val="right"/><w:pPr><w:ind w:left="4680" w:hanging="180"/></w:pPr></w:lvl><w:lvl w:ilvl="6" w:tplc="0409000F" w:tentative="1"><w:start w:val="1"/><w:numFmt w:val="decimal"/><w:lvlText w:val="%7."/><w:lvlJc w:val="left"/><w:pPr><w:ind w:left="5400" w:hanging="360"/></w:pPr></w:lvl><w:lvl w:ilvl="7" w:tplc="04090019" w:tentative="1"><w:start w:val="1"/><w:numFmt w:val="lowerLetter"/><w:lvlText w:val="%8."/><w:lvlJc w:val="left"/><w:pPr><w:ind w:left="6120" w:hanging="360"/></w:pPr></w:lvl><w:lvl w:ilvl="8" w:tplc="0409001B" w:tentative="1"><w:start w:val="1"/><w:numFmt w:val="lowerRoman"/><w:lvlText w:val="%9."/><w:lvlJc w:val="right"/><w:pPr><w:ind w:left="6840" w:hanging="180"/></w:pPr></w:lvl></w:abstractNum><w:abstractNum w:abstractNumId="14" w15:restartNumberingAfterBreak="0"><w:nsid w:val="3A157A61"/><w:multiLevelType w:val="hybridMultilevel"/><w:tmpl w:val="05A4B996"/><w:lvl w:ilvl="0" w:tplc="7848EF2C"><w:start w:val="1"/><w:numFmt w:val="hebrew1"/><w:lvlText w:val="%1."/><w:lvlJc w:val="left"/><w:pPr><w:ind w:left="720" w:hanging="360"/></w:pPr><w:rPr><w:rFonts w:hint="default"/></w:rPr></w:lvl><w:lvl w:ilvl="1" w:tplc="04090019" w:tentative="1"><w:start w:val="1"/><w:numFmt w:val="lowerLetter"/><w:lvlText w:val="%2."/><w:lvlJc w:val="left"/><w:pPr><w:ind w:left="1440" w:hanging="360"/></w:pPr></w:lvl><w:lvl w:ilvl="2" w:tplc="0409001B" w:tentative="1"><w:start w:val="1"/><w:numFmt w:val="lowerRoman"/><w:lvlText w:val="%3."/><w:lvlJc w:val="right"/><w:pPr><w:ind w:left="2160" w:hanging="180"/></w:pPr></w:lvl><w:lvl w:ilvl="3" w:tplc="0409000F" w:tentative="1"><w:start w:val="1"/><w:numFmt w:val="decimal"/><w:lvlText w:val="%4."/><w:lvlJc w:val="left"/><w:pPr><w:ind w:left="2880" w:hanging="360"/></w:pPr></w:lvl><w:lvl w:ilvl="4" w:tplc="04090019" w:tentative="1"><w:start w:val="1"/><w:numFmt w:val="lowerLetter"/><w:lvlText w:val="%5."/><w:lvlJc w:val="left"/><w:pPr><w:ind w:left="3600" w:hanging="360"/></w:pPr></w:lvl><w:lvl w:ilvl="5" w:tplc="0409001B" w:tentative="1"><w:start w:val="1"/><w:numFmt w:val="lowerRoman"/><w:lvlText w:val="%6."/><w:lvlJc w:val="right"/><w:pPr><w:ind w:left="4320" w:hanging="180"/></w:pPr></w:lvl><w:lvl w:ilvl="6" w:tplc="0409000F" w:tentative="1"><w:start w:val="1"/><w:numFmt w:val="decimal"/><w:lvlText w:val="%7."/><w:lvlJc w:val="left"/><w:pPr><w:ind w:left="5040" w:hanging="360"/></w:pPr></w:lvl><w:lvl w:ilvl="7" w:tplc="04090019" w:tentative="1"><w:start w:val="1"/><w:numFmt w:val="lowerLetter"/><w:lvlText w:val="%8."/><w:lvlJc w:val="left"/><w:pPr><w:ind w:left="5760" w:hanging="360"/></w:pPr></w:lvl><w:lvl w:ilvl="8" w:tplc="0409001B" w:tentative="1"><w:start w:val="1"/><w:numFmt w:val="lowerRoman"/><w:lvlText w:val="%9."/><w:lvlJc w:val="right"/><w:pPr><w:ind w:left="6480" w:hanging="180"/></w:pPr></w:lvl></w:abstractNum><w:abstractNum w:abstractNumId="15" w15:restartNumberingAfterBreak="0"><w:nsid w:val="3F1703BF"/><w:multiLevelType w:val="hybridMultilevel"/><w:tmpl w:val="C71E7C74"/><w:lvl w:ilvl="0" w:tplc="B8901E60"><w:start w:val="1"/><w:numFmt w:val="hebrew1"/><w:lvlText w:val="%1."/><w:lvlJc w:val="left"/><w:pPr><w:tabs><w:tab w:val="num" w:pos="720"/></w:tabs><w:ind w:left="720" w:hanging="360"/></w:pPr><w:rPr><w:rFonts w:hint="default"/></w:rPr></w:lvl><w:lvl w:ilvl="1" w:tplc="04090019" w:tentative="1"><w:start w:val="1"/><w:numFmt w:val="lowerLetter"/><w:lvlText w:val="%2."/><w:lvlJc w:val="left"/><w:pPr><w:tabs><w:tab w:val="num" w:pos="1440"/></w:tabs><w:ind w:left="1440" w:hanging="360"/></w:pPr></w:lvl><w:lvl w:ilvl="2" w:tplc="0409001B" w:tentative="1"><w:start w:val="1"/><w:numFmt w:val="lowerRoman"/><w:lvlText w:val="%3."/><w:lvlJc w:val="right"/><w:pPr><w:tabs><w:tab w:val="num" w:pos="2160"/></w:tabs><w:ind w:left="2160" w:hanging="180"/></w:pPr></w:lvl><w:lvl w:ilvl="3" w:tplc="0409000F" w:tentative="1"><w:start w:val="1"/><w:numFmt w:val="decimal"/><w:lvlText w:val="%4."/><w:lvlJc w:val="left"/><w:pPr><w:tabs><w:tab w:val="num" w:pos="2880"/></w:tabs><w:ind w:left="2880" w:hanging="360"/></w:pPr></w:lvl><w:lvl w:ilvl="4" w:tplc="04090019" w:tentative="1"><w:start w:val="1"/><w:numFmt w:val="lowerLetter"/><w:lvlText w:val="%5."/><w:lvlJc w:val="left"/><w:pPr><w:tabs><w:tab w:val="num" w:pos="3600"/></w:tabs><w:ind w:left="3600" w:hanging="360"/></w:pPr></w:lvl><w:lvl w:ilvl="5" w:tplc="0409001B" w:tentative="1"><w:start w:val="1"/><w:numFmt w:val="lowerRoman"/><w:lvlText w:val="%6."/><w:lvlJc w:val="right"/><w:pPr><w:tabs><w:tab w:val="num" w:pos="4320"/></w:tabs><w:ind w:left="4320" w:hanging="180"/></w:pPr></w:lvl><w:lvl w:ilvl="6" w:tplc="0409000F" w:tentative="1"><w:start w:val="1"/><w:numFmt w:val="decimal"/><w:lvlText w:val="%7."/><w:lvlJc w:val="left"/><w:pPr><w:tabs><w:tab w:val="num" w:pos="5040"/></w:tabs><w:ind w:left="5040" w:hanging="360"/></w:pPr></w:lvl><w:lvl w:ilvl="7" w:tplc="04090019" w:tentative="1"><w:start w:val="1"/><w:numFmt w:val="lowerLetter"/><w:lvlText w:val="%8."/><w:lvlJc w:val="left"/><w:pPr><w:tabs><w:tab w:val="num" w:pos="5760"/></w:tabs><w:ind w:left="5760" w:hanging="360"/></w:pPr></w:lvl><w:lvl w:ilvl="8" w:tplc="0409001B" w:tentative="1"><w:start w:val="1"/><w:numFmt w:val="lowerRoman"/><w:lvlText w:val="%9."/><w:lvlJc w:val="right"/><w:pPr><w:tabs><w:tab w:val="num" w:pos="6480"/></w:tabs><w:ind w:left="6480" w:hanging="180"/></w:pPr></w:lvl></w:abstractNum><w:abstractNum w:abstractNumId="16" w15:restartNumberingAfterBreak="0"><w:nsid w:val="430E1FE5"/><w:multiLevelType w:val="hybridMultilevel"/><w:tmpl w:val="02BE6FF6"/><w:lvl w:ilvl="0" w:tplc="0409000F"><w:start w:val="1"/><w:numFmt w:val="decimal"/><w:lvlText w:val="%1."/><w:lvlJc w:val="left"/><w:pPr><w:ind w:left="720" w:hanging="360"/></w:pPr><w:rPr><w:rFonts w:hint="default"/></w:rPr></w:lvl><w:lvl w:ilvl="1" w:tplc="04090019" w:tentative="1"><w:start w:val="1"/><w:numFmt w:val="lowerLetter"/><w:lvlText w:val="%2."/><w:lvlJc w:val="left"/><w:pPr><w:ind w:left="1440" w:hanging="360"/></w:pPr></w:lvl><w:lvl w:ilvl="2" w:tplc="0409001B" w:tentative="1"><w:start w:val="1"/><w:numFmt w:val="lowerRoman"/><w:lvlText w:val="%3."/><w:lvlJc w:val="right"/><w:pPr><w:ind w:left="2160" w:hanging="180"/></w:pPr></w:lvl><w:lvl w:ilvl="3" w:tplc="0409000F" w:tentative="1"><w:start w:val="1"/><w:numFmt w:val="decimal"/><w:lvlText w:val="%4."/><w:lvlJc w:val="left"/><w:pPr><w:ind w:left="2880" w:hanging="360"/></w:pPr></w:lvl><w:lvl w:ilvl="4" w:tplc="04090019" w:tentative="1"><w:start w:val="1"/><w:numFmt w:val="lowerLetter"/><w:lvlText w:val="%5."/><w:lvlJc w:val="left"/><w:pPr><w:ind w:left="3600" w:hanging="360"/></w:pPr></w:lvl><w:lvl w:ilvl="5" w:tplc="0409001B" w:tentative="1"><w:start w:val="1"/><w:numFmt w:val="lowerRoman"/><w:lvlText w:val="%6."/><w:lvlJc w:val="right"/><w:pPr><w:ind w:left="4320" w:hanging="180"/></w:pPr></w:lvl><w:lvl w:ilvl="6" w:tplc="0409000F" w:tentative="1"><w:start w:val="1"/><w:numFmt w:val="decimal"/><w:lvlText w:val="%7."/><w:lvlJc w:val="left"/><w:pPr><w:ind w:left="5040" w:hanging="360"/></w:pPr></w:lvl><w:lvl w:ilvl="7" w:tplc="04090019" w:tentative="1"><w:start w:val="1"/><w:numFmt w:val="lowerLetter"/><w:lvlText w:val="%8."/><w:lvlJc w:val="left"/><w:pPr><w:ind w:left="5760" w:hanging="360"/></w:pPr></w:lvl><w:lvl w:ilvl="8" w:tplc="0409001B" w:tentative="1"><w:start w:val="1"/><w:numFmt w:val="lowerRoman"/><w:lvlText w:val="%9."/><w:lvlJc w:val="right"/><w:pPr><w:ind w:left="6480" w:hanging="180"/></w:pPr></w:lvl></w:abstractNum><w:abstractNum w:abstractNumId="17" w15:restartNumberingAfterBreak="0"><w:nsid w:val="4845394A"/><w:multiLevelType w:val="hybridMultilevel"/><w:tmpl w:val="3ADEB0AA"/><w:lvl w:ilvl="0" w:tplc="0409000F"><w:start w:val="1"/><w:numFmt w:val="decimal"/><w:lvlText w:val="%1."/><w:lvlJc w:val="left"/><w:pPr><w:tabs><w:tab w:val="num" w:pos="720"/></w:tabs><w:ind w:left="720" w:hanging="360"/></w:pPr></w:lvl><w:lvl w:ilvl="1" w:tplc="04090019" w:tentative="1"><w:start w:val="1"/><w:numFmt w:val="lowerLetter"/><w:lvlText w:val="%2."/><w:lvlJc w:val="left"/><w:pPr><w:tabs><w:tab w:val="num" w:pos="1440"/></w:tabs><w:ind w:left="1440" w:hanging="360"/></w:pPr></w:lvl><w:lvl w:ilvl="2" w:tplc="0409001B" w:tentative="1"><w:start w:val="1"/><w:numFmt w:val="lowerRoman"/><w:lvlText w:val="%3."/><w:lvlJc w:val="right"/><w:pPr><w:tabs><w:tab w:val="num" w:pos="2160"/></w:tabs><w:ind w:left="2160" w:hanging="180"/></w:pPr></w:lvl><w:lvl w:ilvl="3" w:tplc="0409000F" w:tentative="1"><w:start w:val="1"/><w:numFmt w:val="decimal"/><w:lvlText w:val="%4."/><w:lvlJc w:val="left"/><w:pPr><w:tabs><w:tab w:val="num" w:pos="2880"/></w:tabs><w:ind w:left="2880" w:hanging="360"/></w:pPr></w:lvl><w:lvl w:ilvl="4" w:tplc="04090019" w:tentative="1"><w:start w:val="1"/><w:numFmt w:val="lowerLetter"/><w:lvlText w:val="%5."/><w:lvlJc w:val="left"/><w:pPr><w:tabs><w:tab w:val="num" w:pos="3600"/></w:tabs><w:ind w:left="3600" w:hanging="360"/></w:pPr></w:lvl><w:lvl w:ilvl="5" w:tplc="0409001B" w:tentative="1"><w:start w:val="1"/><w:numFmt w:val="lowerRoman"/><w:lvlText w:val="%6."/><w:lvlJc w:val="right"/><w:pPr><w:tabs><w:tab w:val="num" w:pos="4320"/></w:tabs><w:ind w:left="4320" w:hanging="180"/></w:pPr></w:lvl><w:lvl w:ilvl="6" w:tplc="0409000F" w:tentative="1"><w:start w:val="1"/><w:numFmt w:val="decimal"/><w:lvlText w:val="%7."/><w:lvlJc w:val="left"/><w:pPr><w:tabs><w:tab w:val="num" w:pos="5040"/></w:tabs><w:ind w:left="5040" w:hanging="360"/></w:pPr></w:lvl><w:lvl w:ilvl="7" w:tplc="04090019" w:tentative="1"><w:start w:val="1"/><w:numFmt w:val="lowerLetter"/><w:lvlText w:val="%8."/><w:lvlJc w:val="left"/><w:pPr><w:tabs><w:tab w:val="num" w:pos="5760"/></w:tabs><w:ind w:left="5760" w:hanging="360"/></w:pPr></w:lvl><w:lvl w:ilvl="8" w:tplc="0409001B" w:tentative="1"><w:start w:val="1"/><w:numFmt w:val="lowerRoman"/><w:lvlText w:val="%9."/><w:lvlJc w:val="right"/><w:pPr><w:tabs><w:tab w:val="num" w:pos="6480"/></w:tabs><w:ind w:left="6480" w:hanging="180"/></w:pPr></w:lvl></w:abstractNum><w:abstractNum w:abstractNumId="18" w15:restartNumberingAfterBreak="0"><w:nsid w:val="48884DB1"/><w:multiLevelType w:val="hybridMultilevel"/><w:tmpl w:val="FE2A13C4"/><w:lvl w:ilvl="0" w:tplc="7324CA92"><w:start w:val="1"/><w:numFmt w:val="hebrew1"/><w:lvlText w:val="%1."/><w:lvlJc w:val="left"/><w:pPr><w:ind w:left="720" w:hanging="360"/></w:pPr><w:rPr><w:rFonts w:hint="default"/></w:rPr></w:lvl><w:lvl w:ilvl="1" w:tplc="04090019" w:tentative="1"><w:start w:val="1"/><w:numFmt w:val="lowerLetter"/><w:lvlText w:val="%2."/><w:lvlJc w:val="left"/><w:pPr><w:ind w:left="1440" w:hanging="360"/></w:pPr></w:lvl><w:lvl w:ilvl="2" w:tplc="0409001B" w:tentative="1"><w:start w:val="1"/><w:numFmt w:val="lowerRoman"/><w:lvlText w:val="%3."/><w:lvlJc w:val="right"/><w:pPr><w:ind w:left="2160" w:hanging="180"/></w:pPr></w:lvl><w:lvl w:ilvl="3" w:tplc="0409000F" w:tentative="1"><w:start w:val="1"/><w:numFmt w:val="decimal"/><w:lvlText w:val="%4."/><w:lvlJc w:val="left"/><w:pPr><w:ind w:left="2880" w:hanging="360"/></w:pPr></w:lvl><w:lvl w:ilvl="4" w:tplc="04090019" w:tentative="1"><w:start w:val="1"/><w:numFmt w:val="lowerLetter"/><w:lvlText w:val="%5."/><w:lvlJc w:val="left"/><w:pPr><w:ind w:left="3600" w:hanging="360"/></w:pPr></w:lvl><w:lvl w:ilvl="5" w:tplc="0409001B" w:tentative="1"><w:start w:val="1"/><w:numFmt w:val="lowerRoman"/><w:lvlText w:val="%6."/><w:lvlJc w:val="right"/><w:pPr><w:ind w:left="4320" w:hanging="180"/></w:pPr></w:lvl><w:lvl w:ilvl="6" w:tplc="0409000F" w:tentative="1"><w:start w:val="1"/><w:numFmt w:val="decimal"/><w:lvlText w:val="%7."/><w:lvlJc w:val="left"/><w:pPr><w:ind w:left="5040" w:hanging="360"/></w:pPr></w:lvl><w:lvl w:ilvl="7" w:tplc="04090019" w:tentative="1"><w:start w:val="1"/><w:numFmt w:val="lowerLetter"/><w:lvlText w:val="%8."/><w:lvlJc w:val="left"/><w:pPr><w:ind w:left="5760" w:hanging="360"/></w:pPr></w:lvl><w:lvl w:ilvl="8" w:tplc="0409001B" w:tentative="1"><w:start w:val="1"/><w:numFmt w:val="lowerRoman"/><w:lvlText w:val="%9."/><w:lvlJc w:val="right"/><w:pPr><w:ind w:left="6480" w:hanging="180"/></w:pPr></w:lvl></w:abstractNum><w:abstractNum w:abstractNumId="19" w15:restartNumberingAfterBreak="0"><w:nsid w:val="4A5B5396"/><w:multiLevelType w:val="hybridMultilevel"/><w:tmpl w:val="EE4C6A5C"/><w:lvl w:ilvl="0" w:tplc="F4CE40A8"><w:start w:val="1"/><w:numFmt w:val="decimal"/><w:lvlText w:val="(%1)"/><w:lvlJc w:val="left"/><w:pPr><w:ind w:left="720" w:hanging="360"/></w:pPr><w:rPr><w:rFonts w:hint="default"/></w:rPr></w:lvl><w:lvl w:ilvl="1" w:tplc="04090019" w:tentative="1"><w:start w:val="1"/><w:numFmt w:val="lowerLetter"/><w:lvlText w:val="%2."/><w:lvlJc w:val="left"/><w:pPr><w:ind w:left="1440" w:hanging="360"/></w:pPr></w:lvl><w:lvl w:ilvl="2" w:tplc="0409001B" w:tentative="1"><w:start w:val="1"/><w:numFmt w:val="lowerRoman"/><w:lvlText w:val="%3."/><w:lvlJc w:val="right"/><w:pPr><w:ind w:left="2160" w:hanging="180"/></w:pPr></w:lvl><w:lvl w:ilvl="3" w:tplc="0409000F" w:tentative="1"><w:start w:val="1"/><w:numFmt w:val="decimal"/><w:lvlText w:val="%4."/><w:lvlJc w:val="left"/><w:pPr><w:ind w:left="2880" w:hanging="360"/></w:pPr></w:lvl><w:lvl w:ilvl="4" w:tplc="04090019" w:tentative="1"><w:start w:val="1"/><w:numFmt w:val="lowerLetter"/><w:lvlText w:val="%5."/><w:lvlJc w:val="left"/><w:pPr><w:ind w:left="3600" w:hanging="360"/></w:pPr></w:lvl><w:lvl w:ilvl="5" w:tplc="0409001B" w:tentative="1"><w:start w:val="1"/><w:numFmt w:val="lowerRoman"/><w:lvlText w:val="%6."/><w:lvlJc w:val="right"/><w:pPr><w:ind w:left="4320" w:hanging="180"/></w:pPr></w:lvl><w:lvl w:ilvl="6" w:tplc="0409000F" w:tentative="1"><w:start w:val="1"/><w:numFmt w:val="decimal"/><w:lvlText w:val="%7."/><w:lvlJc w:val="left"/><w:pPr><w:ind w:left="5040" w:hanging="360"/></w:pPr></w:lvl><w:lvl w:ilvl="7" w:tplc="04090019" w:tentative="1"><w:start w:val="1"/><w:numFmt w:val="lowerLetter"/><w:lvlText w:val="%8."/><w:lvlJc w:val="left"/><w:pPr><w:ind w:left="5760" w:hanging="360"/></w:pPr></w:lvl><w:lvl w:ilvl="8" w:tplc="0409001B" w:tentative="1"><w:start w:val="1"/><w:numFmt w:val="lowerRoman"/><w:lvlText w:val="%9."/><w:lvlJc w:val="right"/><w:pPr><w:ind w:left="6480" w:hanging="180"/></w:pPr></w:lvl></w:abstractNum><w:abstractNum w:abstractNumId="20" w15:restartNumberingAfterBreak="0"><w:nsid w:val="4A6E18FE"/><w:multiLevelType w:val="hybridMultilevel"/><w:tmpl w:val="F8C09B06"/><w:lvl w:ilvl="0" w:tplc="0409000F"><w:start w:val="1"/><w:numFmt w:val="decimal"/><w:lvlText w:val="%1."/><w:lvlJc w:val="left"/><w:pPr><w:tabs><w:tab w:val="num" w:pos="720"/></w:tabs><w:ind w:left="720" w:hanging="360"/></w:pPr></w:lvl><w:lvl w:ilvl="1" w:tplc="04090019" w:tentative="1"><w:start w:val="1"/><w:numFmt w:val="lowerLetter"/><w:lvlText w:val="%2."/><w:lvlJc w:val="left"/><w:pPr><w:tabs><w:tab w:val="num" w:pos="1440"/></w:tabs><w:ind w:left="1440" w:hanging="360"/></w:pPr></w:lvl><w:lvl w:ilvl="2" w:tplc="0409001B" w:tentative="1"><w:start w:val="1"/><w:numFmt w:val="lowerRoman"/><w:lvlText w:val="%3."/><w:lvlJc w:val="right"/><w:pPr><w:tabs><w:tab w:val="num" w:pos="2160"/></w:tabs><w:ind w:left="2160" w:hanging="180"/></w:pPr></w:lvl><w:lvl w:ilvl="3" w:tplc="0409000F" w:tentative="1"><w:start w:val="1"/><w:numFmt w:val="decimal"/><w:lvlText w:val="%4."/><w:lvlJc w:val="left"/><w:pPr><w:tabs><w:tab w:val="num" w:pos="2880"/></w:tabs><w:ind w:left="2880" w:hanging="360"/></w:pPr></w:lvl><w:lvl w:ilvl="4" w:tplc="04090019" w:tentative="1"><w:start w:val="1"/><w:numFmt w:val="lowerLetter"/><w:lvlText w:val="%5."/><w:lvlJc w:val="left"/><w:pPr><w:tabs><w:tab w:val="num" w:pos="3600"/></w:tabs><w:ind w:left="3600" w:hanging="360"/></w:pPr></w:lvl><w:lvl w:ilvl="5" w:tplc="0409001B" w:tentative="1"><w:start w:val="1"/><w:numFmt w:val="lowerRoman"/><w:lvlText w:val="%6."/><w:lvlJc w:val="right"/><w:pPr><w:tabs><w:tab w:val="num" w:pos="4320"/></w:tabs><w:ind w:left="4320" w:hanging="180"/></w:pPr></w:lvl><w:lvl w:ilvl="6" w:tplc="0409000F" w:tentative="1"><w:start w:val="1"/><w:numFmt w:val="decimal"/><w:lvlText w:val="%7."/><w:lvlJc w:val="left"/><w:pPr><w:tabs><w:tab w:val="num" w:pos="5040"/></w:tabs><w:ind w:left="5040" w:hanging="360"/></w:pPr></w:lvl><w:lvl w:ilvl="7" w:tplc="04090019" w:tentative="1"><w:start w:val="1"/><w:numFmt w:val="lowerLetter"/><w:lvlText w:val="%8."/><w:lvlJc w:val="left"/><w:pPr><w:tabs><w:tab w:val="num" w:pos="5760"/></w:tabs><w:ind w:left="5760" w:hanging="360"/></w:pPr></w:lvl><w:lvl w:ilvl="8" w:tplc="0409001B" w:tentative="1"><w:start w:val="1"/><w:numFmt w:val="lowerRoman"/><w:lvlText w:val="%9."/><w:lvlJc w:val="right"/><w:pPr><w:tabs><w:tab w:val="num" w:pos="6480"/></w:tabs><w:ind w:left="6480" w:hanging="180"/></w:pPr></w:lvl></w:abstractNum><w:abstractNum w:abstractNumId="21" w15:restartNumberingAfterBreak="0"><w:nsid w:val="4DD5297D"/><w:multiLevelType w:val="hybridMultilevel"/><w:tmpl w:val="68A60918"/><w:lvl w:ilvl="0" w:tplc="0409000F"><w:start w:val="1"/><w:numFmt w:val="decimal"/><w:lvlText w:val="%1."/><w:lvlJc w:val="left"/><w:pPr><w:tabs><w:tab w:val="num" w:pos="720"/></w:tabs><w:ind w:left="720" w:hanging="360"/></w:pPr></w:lvl><w:lvl w:ilvl="1" w:tplc="04090019" w:tentative="1"><w:start w:val="1"/><w:numFmt w:val="lowerLetter"/><w:lvlText w:val="%2."/><w:lvlJc w:val="left"/><w:pPr><w:tabs><w:tab w:val="num" w:pos="1440"/></w:tabs><w:ind w:left="1440" w:hanging="360"/></w:pPr></w:lvl><w:lvl w:ilvl="2" w:tplc="0409001B" w:tentative="1"><w:start w:val="1"/><w:numFmt w:val="lowerRoman"/><w:lvlText w:val="%3."/><w:lvlJc w:val="right"/><w:pPr><w:tabs><w:tab w:val="num" w:pos="2160"/></w:tabs><w:ind w:left="2160" w:hanging="180"/></w:pPr></w:lvl><w:lvl w:ilvl="3" w:tplc="0409000F" w:tentative="1"><w:start w:val="1"/><w:numFmt w:val="decimal"/><w:lvlText w:val="%4."/><w:lvlJc w:val="left"/><w:pPr><w:tabs><w:tab w:val="num" w:pos="2880"/></w:tabs><w:ind w:left="2880" w:hanging="360"/></w:pPr></w:lvl><w:lvl w:ilvl="4" w:tplc="04090019" w:tentative="1"><w:start w:val="1"/><w:numFmt w:val="lowerLetter"/><w:lvlText w:val="%5."/><w:lvlJc w:val="left"/><w:pPr><w:tabs><w:tab w:val="num" w:pos="3600"/></w:tabs><w:ind w:left="3600" w:hanging="360"/></w:pPr></w:lvl><w:lvl w:ilvl="5" w:tplc="0409001B" w:tentative="1"><w:start w:val="1"/><w:numFmt w:val="lowerRoman"/><w:lvlText w:val="%6."/><w:lvlJc w:val="right"/><w:pPr><w:tabs><w:tab w:val="num" w:pos="4320"/></w:tabs><w:ind w:left="4320" w:hanging="180"/></w:pPr></w:lvl><w:lvl w:ilvl="6" w:tplc="0409000F" w:tentative="1"><w:start w:val="1"/><w:numFmt w:val="decimal"/><w:lvlText w:val="%7."/><w:lvlJc w:val="left"/><w:pPr><w:tabs><w:tab w:val="num" w:pos="5040"/></w:tabs><w:ind w:left="5040" w:hanging="360"/></w:pPr></w:lvl><w:lvl w:ilvl="7" w:tplc="04090019" w:tentative="1"><w:start w:val="1"/><w:numFmt w:val="lowerLetter"/><w:lvlText w:val="%8."/><w:lvlJc w:val="left"/><w:pPr><w:tabs><w:tab w:val="num" w:pos="5760"/></w:tabs><w:ind w:left="5760" w:hanging="360"/></w:pPr></w:lvl><w:lvl w:ilvl="8" w:tplc="0409001B" w:tentative="1"><w:start w:val="1"/><w:numFmt w:val="lowerRoman"/><w:lvlText w:val="%9."/><w:lvlJc w:val="right"/><w:pPr><w:tabs><w:tab w:val="num" w:pos="6480"/></w:tabs><w:ind w:left="6480" w:hanging="180"/></w:pPr></w:lvl></w:abstractNum><w:abstractNum w:abstractNumId="22" w15:restartNumberingAfterBreak="0"><w:nsid w:val="4E5602BF"/><w:multiLevelType w:val="hybridMultilevel"/><w:tmpl w:val="8D42AB6C"/><w:lvl w:ilvl="0" w:tplc="4FD05992"><w:start w:val="1"/><w:numFmt w:val="hebrew1"/><w:lvlText w:val="%1."/><w:lvlJc w:val="left"/><w:pPr><w:ind w:left="720" w:hanging="360"/></w:pPr><w:rPr><w:rFonts w:hint="default"/></w:rPr></w:lvl><w:lvl w:ilvl="1" w:tplc="04090019" w:tentative="1"><w:start w:val="1"/><w:numFmt w:val="lowerLetter"/><w:lvlText w:val="%2."/><w:lvlJc w:val="left"/><w:pPr><w:ind w:left="1440" w:hanging="360"/></w:pPr></w:lvl><w:lvl w:ilvl="2" w:tplc="0409001B" w:tentative="1"><w:start w:val="1"/><w:numFmt w:val="lowerRoman"/><w:lvlText w:val="%3."/><w:lvlJc w:val="right"/><w:pPr><w:ind w:left="2160" w:hanging="180"/></w:pPr></w:lvl><w:lvl w:ilvl="3" w:tplc="0409000F" w:tentative="1"><w:start w:val="1"/><w:numFmt w:val="decimal"/><w:lvlText w:val="%4."/><w:lvlJc w:val="left"/><w:pPr><w:ind w:left="2880" w:hanging="360"/></w:pPr></w:lvl><w:lvl w:ilvl="4" w:tplc="04090019" w:tentative="1"><w:start w:val="1"/><w:numFmt w:val="lowerLetter"/><w:lvlText w:val="%5."/><w:lvlJc w:val="left"/><w:pPr><w:ind w:left="3600" w:hanging="360"/></w:pPr></w:lvl><w:lvl w:ilvl="5" w:tplc="0409001B" w:tentative="1"><w:start w:val="1"/><w:numFmt w:val="lowerRoman"/><w:lvlText w:val="%6."/><w:lvlJc w:val="right"/><w:pPr><w:ind w:left="4320" w:hanging="180"/></w:pPr></w:lvl><w:lvl w:ilvl="6" w:tplc="0409000F" w:tentative="1"><w:start w:val="1"/><w:numFmt w:val="decimal"/><w:lvlText w:val="%7."/><w:lvlJc w:val="left"/><w:pPr><w:ind w:left="5040" w:hanging="360"/></w:pPr></w:lvl><w:lvl w:ilvl="7" w:tplc="04090019" w:tentative="1"><w:start w:val="1"/><w:numFmt w:val="lowerLetter"/><w:lvlText w:val="%8."/><w:lvlJc w:val="left"/><w:pPr><w:ind w:left="5760" w:hanging="360"/></w:pPr></w:lvl><w:lvl w:ilvl="8" w:tplc="0409001B" w:tentative="1"><w:start w:val="1"/><w:numFmt w:val="lowerRoman"/><w:lvlText w:val="%9."/><w:lvlJc w:val="right"/><w:pPr><w:ind w:left="6480" w:hanging="180"/></w:pPr></w:lvl></w:abstractNum><w:abstractNum w:abstractNumId="23" w15:restartNumberingAfterBreak="0"><w:nsid w:val="562F7E81"/><w:multiLevelType w:val="singleLevel"/><w:tmpl w:val="9B38563C"/><w:lvl w:ilvl="0"><w:start w:val="1"/><w:numFmt w:val="hebrew1"/><w:lvlText w:val="%1."/><w:legacy w:legacy="1" w:legacySpace="0" w:legacyIndent="284"/><w:lvlJc w:val="right"/><w:pPr><w:ind w:left="284" w:right="284" w:hanging="284"/></w:pPr></w:lvl></w:abstractNum><w:abstractNum w:abstractNumId="24" w15:restartNumberingAfterBreak="0"><w:nsid w:val="58870A80"/><w:multiLevelType w:val="hybridMultilevel"/><w:tmpl w:val="148463CA"/><w:lvl w:ilvl="0" w:tplc="04090001"><w:start w:val="1"/><w:numFmt w:val="bullet"/><w:lvlText w:val=""/><w:lvlJc w:val="left"/><w:pPr><w:ind w:left="720" w:hanging="360"/></w:pPr><w:rPr><w:rFonts w:ascii="Symbol" w:hAnsi="Symbol" w:hint="default"/></w:rPr></w:lvl><w:lvl w:ilvl="1" w:tplc="04090003" w:tentative="1"><w:start w:val="1"/><w:numFmt w:val="bullet"/><w:lvlText w:val="o"/><w:lvlJc w:val="left"/><w:pPr><w:ind w:left="1440" w:hanging="360"/></w:pPr><w:rPr><w:rFonts w:ascii="Courier New" w:hAnsi="Courier New" w:cs="Courier New" w:hint="default"/></w:rPr></w:lvl><w:lvl w:ilvl="2" w:tplc="04090005" w:tentative="1"><w:start w:val="1"/><w:numFmt w:val="bullet"/><w:lvlText w:val=""/><w:lvlJc w:val="left"/><w:pPr><w:ind w:left="2160" w:hanging="360"/></w:pPr><w:rPr><w:rFonts w:ascii="Wingdings" w:hAnsi="Wingdings" w:hint="default"/></w:rPr></w:lvl><w:lvl w:ilvl="3" w:tplc="04090001" w:tentative="1"><w:start w:val="1"/><w:numFmt w:val="bullet"/><w:lvlText w:val=""/><w:lvlJc w:val="left"/><w:pPr><w:ind w:left="2880" w:hanging="360"/></w:pPr><w:rPr><w:rFonts w:ascii="Symbol" w:hAnsi="Symbol" w:hint="default"/></w:rPr></w:lvl><w:lvl w:ilvl="4" w:tplc="04090003" w:tentative="1"><w:start w:val="1"/><w:numFmt w:val="bullet"/><w:lvlText w:val="o"/><w:lvlJc w:val="left"/><w:pPr><w:ind w:left="3600" w:hanging="360"/></w:pPr><w:rPr><w:rFonts w:ascii="Courier New" w:hAnsi="Courier New" w:cs="Courier New" w:hint="default"/></w:rPr></w:lvl><w:lvl w:ilvl="5" w:tplc="04090005" w:tentative="1"><w:start w:val="1"/><w:numFmt w:val="bullet"/><w:lvlText w:val=""/><w:lvlJc w:val="left"/><w:pPr><w:ind w:left="4320" w:hanging="360"/></w:pPr><w:rPr><w:rFonts w:ascii="Wingdings" w:hAnsi="Wingdings" w:hint="default"/></w:rPr></w:lvl><w:lvl w:ilvl="6" w:tplc="04090001" w:tentative="1"><w:start w:val="1"/><w:numFmt w:val="bullet"/><w:lvlText w:val=""/><w:lvlJc w:val="left"/><w:pPr><w:ind w:left="5040" w:hanging="360"/></w:pPr><w:rPr><w:rFonts w:ascii="Symbol" w:hAnsi="Symbol" w:hint="default"/></w:rPr></w:lvl><w:lvl w:ilvl="7" w:tplc="04090003" w:tentative="1"><w:start w:val="1"/><w:numFmt w:val="bullet"/><w:lvlText w:val="o"/><w:lvlJc w:val="left"/><w:pPr><w:ind w:left="5760" w:hanging="360"/></w:pPr><w:rPr><w:rFonts w:ascii="Courier New" w:hAnsi="Courier New" w:cs="Courier New" w:hint="default"/></w:rPr></w:lvl><w:lvl w:ilvl="8" w:tplc="04090005" w:tentative="1"><w:start w:val="1"/><w:numFmt w:val="bullet"/><w:lvlText w:val=""/><w:lvlJc w:val="left"/><w:pPr><w:ind w:left="6480" w:hanging="360"/></w:pPr><w:rPr><w:rFonts w:ascii="Wingdings" w:hAnsi="Wingdings" w:hint="default"/></w:rPr></w:lvl></w:abstractNum><w:abstractNum w:abstractNumId="25" w15:restartNumberingAfterBreak="0"><w:nsid w:val="5D541E43"/><w:multiLevelType w:val="multilevel"/><w:tmpl w:val="4F5CF16A"/><w:lvl w:ilvl="0"><w:start w:val="1"/><w:numFmt w:val="bullet"/><w:lvlText w:val=""/><w:lvlJc w:val="left"/><w:pPr><w:tabs><w:tab w:val="num" w:pos="720"/></w:tabs><w:ind w:left="720" w:hanging="360"/></w:pPr><w:rPr><w:rFonts w:ascii="Symbol" w:hAnsi="Symbol" w:hint="default"/><w:sz w:val="20"/></w:rPr></w:lvl><w:lvl w:ilvl="1" w:tentative="1"><w:start w:val="1"/><w:numFmt w:val="bullet"/><w:lvlText w:val="o"/><w:lvlJc w:val="left"/><w:pPr><w:tabs><w:tab w:val="num" w:pos="1440"/></w:tabs><w:ind w:left="1440" w:hanging="360"/></w:pPr><w:rPr><w:rFonts w:ascii="Courier New" w:hAnsi="Courier New" w:hint="default"/><w:sz w:val="20"/></w:rPr></w:lvl><w:lvl w:ilvl="2" w:tentative="1"><w:start w:val="1"/><w:numFmt w:val="bullet"/><w:lvlText w:val=""/><w:lvlJc w:val="left"/><w:pPr><w:tabs><w:tab w:val="num" w:pos="2160"/></w:tabs><w:ind w:left="2160" w:hanging="360"/></w:pPr><w:rPr><w:rFonts w:ascii="Wingdings" w:hAnsi="Wingdings" w:hint="default"/><w:sz w:val="20"/></w:rPr></w:lvl><w:lvl w:ilvl="3" w:tentative="1"><w:start w:val="1"/><w:numFmt w:val="bullet"/><w:lvlText w:val=""/><w:lvlJc w:val="left"/><w:pPr><w:tabs><w:tab w:val="num" w:pos="2880"/></w:tabs><w:ind w:left="2880" w:hanging="360"/></w:pPr><w:rPr><w:rFonts w:ascii="Wingdings" w:hAnsi="Wingdings" w:hint="default"/><w:sz w:val="20"/></w:rPr></w:lvl><w:lvl w:ilvl="4" w:tentative="1"><w:start w:val="1"/><w:numFmt w:val="bullet"/><w:lvlText w:val=""/><w:lvlJc w:val="left"/><w:pPr><w:tabs><w:tab w:val="num" w:pos="3600"/></w:tabs><w:ind w:left="3600" w:hanging="360"/></w:pPr><w:rPr><w:rFonts w:ascii="Wingdings" w:hAnsi="Wingdings" w:hint="default"/><w:sz w:val="20"/></w:rPr></w:lvl><w:lvl w:ilvl="5" w:tentative="1"><w:start w:val="1"/><w:numFmt w:val="bullet"/><w:lvlText w:val=""/><w:lvlJc w:val="left"/><w:pPr><w:tabs><w:tab w:val="num" w:pos="4320"/></w:tabs><w:ind w:left="4320" w:hanging="360"/></w:pPr><w:rPr><w:rFonts w:ascii="Wingdings" w:hAnsi="Wingdings" w:hint="default"/><w:sz w:val="20"/></w:rPr></w:lvl><w:lvl w:ilvl="6" w:tentative="1"><w:start w:val="1"/><w:numFmt w:val="bullet"/><w:lvlText w:val=""/><w:lvlJc w:val="left"/><w:pPr><w:tabs><w:tab w:val="num" w:pos="5040"/></w:tabs><w:ind w:left="5040" w:hanging="360"/></w:pPr><w:rPr><w:rFonts w:ascii="Wingdings" w:hAnsi="Wingdings" w:hint="default"/><w:sz w:val="20"/></w:rPr></w:lvl><w:lvl w:ilvl="7" w:tentative="1"><w:start w:val="1"/><w:numFmt w:val="bullet"/><w:lvlText w:val=""/><w:lvlJc w:val="left"/><w:pPr><w:tabs><w:tab w:val="num" w:pos="5760"/></w:tabs><w:ind w:left="5760" w:hanging="360"/></w:pPr><w:rPr><w:rFonts w:ascii="Wingdings" w:hAnsi="Wingdings" w:hint="default"/><w:sz w:val="20"/></w:rPr></w:lvl><w:lvl w:ilvl="8" w:tentative="1"><w:start w:val="1"/><w:numFmt w:val="bullet"/><w:lvlText w:val=""/><w:lvlJc w:val="left"/><w:pPr><w:tabs><w:tab w:val="num" w:pos="6480"/></w:tabs><w:ind w:left="6480" w:hanging="360"/></w:pPr><w:rPr><w:rFonts w:ascii="Wingdings" w:hAnsi="Wingdings" w:hint="default"/><w:sz w:val="20"/></w:rPr></w:lvl></w:abstractNum><w:abstractNum w:abstractNumId="26" w15:restartNumberingAfterBreak="0"><w:nsid w:val="603F207B"/><w:multiLevelType w:val="hybridMultilevel"/><w:tmpl w:val="BC00D828"/><w:lvl w:ilvl="0" w:tplc="E51CF8EC"><w:start w:val="1"/><w:numFmt w:val="hebrew1"/><w:lvlText w:val="%1."/><w:lvlJc w:val="center"/><w:pPr><w:tabs><w:tab w:val="num" w:pos="1440"/></w:tabs><w:ind w:left="1440" w:hanging="360"/></w:pPr><w:rPr><w:rFonts w:hint="default"/></w:rPr></w:lvl><w:lvl w:ilvl="1" w:tplc="04090019" w:tentative="1"><w:start w:val="1"/><w:numFmt w:val="lowerLetter"/><w:lvlText w:val="%2."/><w:lvlJc w:val="left"/><w:pPr><w:tabs><w:tab w:val="num" w:pos="2160"/></w:tabs><w:ind w:left="2160" w:hanging="360"/></w:pPr></w:lvl><w:lvl w:ilvl="2" w:tplc="0409001B" w:tentative="1"><w:start w:val="1"/><w:numFmt w:val="lowerRoman"/><w:lvlText w:val="%3."/><w:lvlJc w:val="right"/><w:pPr><w:tabs><w:tab w:val="num" w:pos="2880"/></w:tabs><w:ind w:left="2880" w:hanging="180"/></w:pPr></w:lvl><w:lvl w:ilvl="3" w:tplc="0409000F" w:tentative="1"><w:start w:val="1"/><w:numFmt w:val="decimal"/><w:lvlText w:val="%4."/><w:lvlJc w:val="left"/><w:pPr><w:tabs><w:tab w:val="num" w:pos="3600"/></w:tabs><w:ind w:left="3600" w:hanging="360"/></w:pPr></w:lvl><w:lvl w:ilvl="4" w:tplc="04090019" w:tentative="1"><w:start w:val="1"/><w:numFmt w:val="lowerLetter"/><w:lvlText w:val="%5."/><w:lvlJc w:val="left"/><w:pPr><w:tabs><w:tab w:val="num" w:pos="4320"/></w:tabs><w:ind w:left="4320" w:hanging="360"/></w:pPr></w:lvl><w:lvl w:ilvl="5" w:tplc="0409001B" w:tentative="1"><w:start w:val="1"/><w:numFmt w:val="lowerRoman"/><w:lvlText w:val="%6."/><w:lvlJc w:val="right"/><w:pPr><w:tabs><w:tab w:val="num" w:pos="5040"/></w:tabs><w:ind w:left="5040" w:hanging="180"/></w:pPr></w:lvl><w:lvl w:ilvl="6" w:tplc="0409000F" w:tentative="1"><w:start w:val="1"/><w:numFmt w:val="decimal"/><w:lvlText w:val="%7."/><w:lvlJc w:val="left"/><w:pPr><w:tabs><w:tab w:val="num" w:pos="5760"/></w:tabs><w:ind w:left="5760" w:hanging="360"/></w:pPr></w:lvl><w:lvl w:ilvl="7" w:tplc="04090019" w:tentative="1"><w:start w:val="1"/><w:numFmt w:val="lowerLetter"/><w:lvlText w:val="%8."/><w:lvlJc w:val="left"/><w:pPr><w:tabs><w:tab w:val="num" w:pos="6480"/></w:tabs><w:ind w:left="6480" w:hanging="360"/></w:pPr></w:lvl><w:lvl w:ilvl="8" w:tplc="0409001B" w:tentative="1"><w:start w:val="1"/><w:numFmt w:val="lowerRoman"/><w:lvlText w:val="%9."/><w:lvlJc w:val="right"/><w:pPr><w:tabs><w:tab w:val="num" w:pos="7200"/></w:tabs><w:ind w:left="7200" w:hanging="180"/></w:pPr></w:lvl></w:abstractNum><w:abstractNum w:abstractNumId="27" w15:restartNumberingAfterBreak="0"><w:nsid w:val="655A03A7"/><w:multiLevelType w:val="hybridMultilevel"/><w:tmpl w:val="6B344606"/><w:lvl w:ilvl="0" w:tplc="0409000F"><w:start w:val="1"/><w:numFmt w:val="decimal"/><w:lvlText w:val="%1."/><w:lvlJc w:val="left"/><w:pPr><w:ind w:left="720" w:hanging="360"/></w:pPr><w:rPr><w:rFonts w:hint="default"/></w:rPr></w:lvl><w:lvl w:ilvl="1" w:tplc="04090019" w:tentative="1"><w:start w:val="1"/><w:numFmt w:val="lowerLetter"/><w:lvlText w:val="%2."/><w:lvlJc w:val="left"/><w:pPr><w:ind w:left="1440" w:hanging="360"/></w:pPr></w:lvl><w:lvl w:ilvl="2" w:tplc="0409001B" w:tentative="1"><w:start w:val="1"/><w:numFmt w:val="lowerRoman"/><w:lvlText w:val="%3."/><w:lvlJc w:val="right"/><w:pPr><w:ind w:left="2160" w:hanging="180"/></w:pPr></w:lvl><w:lvl w:ilvl="3" w:tplc="0409000F" w:tentative="1"><w:start w:val="1"/><w:numFmt w:val="decimal"/><w:lvlText w:val="%4."/><w:lvlJc w:val="left"/><w:pPr><w:ind w:left="2880" w:hanging="360"/></w:pPr></w:lvl><w:lvl w:ilvl="4" w:tplc="04090019" w:tentative="1"><w:start w:val="1"/><w:numFmt w:val="lowerLetter"/><w:lvlText w:val="%5."/><w:lvlJc w:val="left"/><w:pPr><w:ind w:left="3600" w:hanging="360"/></w:pPr></w:lvl><w:lvl w:ilvl="5" w:tplc="0409001B" w:tentative="1"><w:start w:val="1"/><w:numFmt w:val="lowerRoman"/><w:lvlText w:val="%6."/><w:lvlJc w:val="right"/><w:pPr><w:ind w:left="4320" w:hanging="180"/></w:pPr></w:lvl><w:lvl w:ilvl="6" w:tplc="0409000F" w:tentative="1"><w:start w:val="1"/><w:numFmt w:val="decimal"/><w:lvlText w:val="%7."/><w:lvlJc w:val="left"/><w:pPr><w:ind w:left="5040" w:hanging="360"/></w:pPr></w:lvl><w:lvl w:ilvl="7" w:tplc="04090019" w:tentative="1"><w:start w:val="1"/><w:numFmt w:val="lowerLetter"/><w:lvlText w:val="%8."/><w:lvlJc w:val="left"/><w:pPr><w:ind w:left="5760" w:hanging="360"/></w:pPr></w:lvl><w:lvl w:ilvl="8" w:tplc="0409001B" w:tentative="1"><w:start w:val="1"/><w:numFmt w:val="lowerRoman"/><w:lvlText w:val="%9."/><w:lvlJc w:val="right"/><w:pPr><w:ind w:left="6480" w:hanging="180"/></w:pPr></w:lvl></w:abstractNum><w:abstractNum w:abstractNumId="28" w15:restartNumberingAfterBreak="0"><w:nsid w:val="655D7ABD"/><w:multiLevelType w:val="hybridMultilevel"/><w:tmpl w:val="EF589A4E"/><w:lvl w:ilvl="0" w:tplc="0409000F"><w:start w:val="1"/><w:numFmt w:val="decimal"/><w:lvlText w:val="%1."/><w:lvlJc w:val="left"/><w:pPr><w:tabs><w:tab w:val="num" w:pos="720"/></w:tabs><w:ind w:left="720" w:hanging="360"/></w:pPr></w:lvl><w:lvl w:ilvl="1" w:tplc="04090019" w:tentative="1"><w:start w:val="1"/><w:numFmt w:val="lowerLetter"/><w:lvlText w:val="%2."/><w:lvlJc w:val="left"/><w:pPr><w:tabs><w:tab w:val="num" w:pos="1440"/></w:tabs><w:ind w:left="1440" w:hanging="360"/></w:pPr></w:lvl><w:lvl w:ilvl="2" w:tplc="0409001B" w:tentative="1"><w:start w:val="1"/><w:numFmt w:val="lowerRoman"/><w:lvlText w:val="%3."/><w:lvlJc w:val="right"/><w:pPr><w:tabs><w:tab w:val="num" w:pos="2160"/></w:tabs><w:ind w:left="2160" w:hanging="180"/></w:pPr></w:lvl><w:lvl w:ilvl="3" w:tplc="0409000F" w:tentative="1"><w:start w:val="1"/><w:numFmt w:val="decimal"/><w:lvlText w:val="%4."/><w:lvlJc w:val="left"/><w:pPr><w:tabs><w:tab w:val="num" w:pos="2880"/></w:tabs><w:ind w:left="2880" w:hanging="360"/></w:pPr></w:lvl><w:lvl w:ilvl="4" w:tplc="04090019" w:tentative="1"><w:start w:val="1"/><w:numFmt w:val="lowerLetter"/><w:lvlText w:val="%5."/><w:lvlJc w:val="left"/><w:pPr><w:tabs><w:tab w:val="num" w:pos="3600"/></w:tabs><w:ind w:left="3600" w:hanging="360"/></w:pPr></w:lvl><w:lvl w:ilvl="5" w:tplc="0409001B" w:tentative="1"><w:start w:val="1"/><w:numFmt w:val="lowerRoman"/><w:lvlText w:val="%6."/><w:lvlJc w:val="right"/><w:pPr><w:tabs><w:tab w:val="num" w:pos="4320"/></w:tabs><w:ind w:left="4320" w:hanging="180"/></w:pPr></w:lvl><w:lvl w:ilvl="6" w:tplc="0409000F" w:tentative="1"><w:start w:val="1"/><w:numFmt w:val="decimal"/><w:lvlText w:val="%7."/><w:lvlJc w:val="left"/><w:pPr><w:tabs><w:tab w:val="num" w:pos="5040"/></w:tabs><w:ind w:left="5040" w:hanging="360"/></w:pPr></w:lvl><w:lvl w:ilvl="7" w:tplc="04090019" w:tentative="1"><w:start w:val="1"/><w:numFmt w:val="lowerLetter"/><w:lvlText w:val="%8."/><w:lvlJc w:val="left"/><w:pPr><w:tabs><w:tab w:val="num" w:pos="5760"/></w:tabs><w:ind w:left="5760" w:hanging="360"/></w:pPr></w:lvl><w:lvl w:ilvl="8" w:tplc="0409001B" w:tentative="1"><w:start w:val="1"/><w:numFmt w:val="lowerRoman"/><w:lvlText w:val="%9."/><w:lvlJc w:val="right"/><w:pPr><w:tabs><w:tab w:val="num" w:pos="6480"/></w:tabs><w:ind w:left="6480" w:hanging="180"/></w:pPr></w:lvl></w:abstractNum><w:abstractNum w:abstractNumId="29" w15:restartNumberingAfterBreak="0"><w:nsid w:val="66E34F0F"/><w:multiLevelType w:val="hybridMultilevel"/><w:tmpl w:val="64023E4A"/><w:lvl w:ilvl="0" w:tplc="04090001"><w:start w:val="1"/><w:numFmt w:val="bullet"/><w:lvlText w:val=""/><w:lvlJc w:val="left"/><w:pPr><w:tabs><w:tab w:val="num" w:pos="720"/></w:tabs><w:ind w:left="720" w:hanging="360"/></w:pPr><w:rPr><w:rFonts w:ascii="Symbol" w:hAnsi="Symbol" w:hint="default"/></w:rPr></w:lvl><w:lvl w:ilvl="1" w:tplc="04090003" w:tentative="1"><w:start w:val="1"/><w:numFmt w:val="bullet"/><w:lvlText w:val="o"/><w:lvlJc w:val="left"/><w:pPr><w:tabs><w:tab w:val="num" w:pos="1440"/></w:tabs><w:ind w:left="1440" w:hanging="360"/></w:pPr><w:rPr><w:rFonts w:ascii="Courier New" w:hAnsi="Courier New" w:cs="Courier New" w:hint="default"/></w:rPr></w:lvl><w:lvl w:ilvl="2" w:tplc="04090005" w:tentative="1"><w:start w:val="1"/><w:numFmt w:val="bullet"/><w:lvlText w:val=""/><w:lvlJc w:val="left"/><w:pPr><w:tabs><w:tab w:val="num" w:pos="2160"/></w:tabs><w:ind w:left="2160" w:hanging="360"/></w:pPr><w:rPr><w:rFonts w:ascii="Wingdings" w:hAnsi="Wingdings" w:hint="default"/></w:rPr></w:lvl><w:lvl w:ilvl="3" w:tplc="04090001" w:tentative="1"><w:start w:val="1"/><w:numFmt w:val="bullet"/><w:lvlText w:val=""/><w:lvlJc w:val="left"/><w:pPr><w:tabs><w:tab w:val="num" w:pos="2880"/></w:tabs><w:ind w:left="2880" w:hanging="360"/></w:pPr><w:rPr><w:rFonts w:ascii="Symbol" w:hAnsi="Symbol" w:hint="default"/></w:rPr></w:lvl><w:lvl w:ilvl="4" w:tplc="04090003" w:tentative="1"><w:start w:val="1"/><w:numFmt w:val="bullet"/><w:lvlText w:val="o"/><w:lvlJc w:val="left"/><w:pPr><w:tabs><w:tab w:val="num" w:pos="3600"/></w:tabs><w:ind w:left="3600" w:hanging="360"/></w:pPr><w:rPr><w:rFonts w:ascii="Courier New" w:hAnsi="Courier New" w:cs="Courier New" w:hint="default"/></w:rPr></w:lvl><w:lvl w:ilvl="5" w:tplc="04090005" w:tentative="1"><w:start w:val="1"/><w:numFmt w:val="bullet"/><w:lvlText w:val=""/><w:lvlJc w:val="left"/><w:pPr><w:tabs><w:tab w:val="num" w:pos="4320"/></w:tabs><w:ind w:left="4320" w:hanging="360"/></w:pPr><w:rPr><w:rFonts w:ascii="Wingdings" w:hAnsi="Wingdings" w:hint="default"/></w:rPr></w:lvl><w:lvl w:ilvl="6" w:tplc="04090001" w:tentative="1"><w:start w:val="1"/><w:numFmt w:val="bullet"/><w:lvlText w:val=""/><w:lvlJc w:val="left"/><w:pPr><w:tabs><w:tab w:val="num" w:pos="5040"/></w:tabs><w:ind w:left="5040" w:hanging="360"/></w:pPr><w:rPr><w:rFonts w:ascii="Symbol" w:hAnsi="Symbol" w:hint="default"/></w:rPr></w:lvl><w:lvl w:ilvl="7" w:tplc="04090003" w:tentative="1"><w:start w:val="1"/><w:numFmt w:val="bullet"/><w:lvlText w:val="o"/><w:lvlJc w:val="left"/><w:pPr><w:tabs><w:tab w:val="num" w:pos="5760"/></w:tabs><w:ind w:left="5760" w:hanging="360"/></w:pPr><w:rPr><w:rFonts w:ascii="Courier New" w:hAnsi="Courier New" w:cs="Courier New" w:hint="default"/></w:rPr></w:lvl><w:lvl w:ilvl="8" w:tplc="04090005" w:tentative="1"><w:start w:val="1"/><w:numFmt w:val="bullet"/><w:lvlText w:val=""/><w:lvlJc w:val="left"/><w:pPr><w:tabs><w:tab w:val="num" w:pos="6480"/></w:tabs><w:ind w:left="6480" w:hanging="360"/></w:pPr><w:rPr><w:rFonts w:ascii="Wingdings" w:hAnsi="Wingdings" w:hint="default"/></w:rPr></w:lvl></w:abstractNum><w:abstractNum w:abstractNumId="30" w15:restartNumberingAfterBreak="0"><w:nsid w:val="6968785D"/><w:multiLevelType w:val="hybridMultilevel"/><w:tmpl w:val="B91ACAB6"/><w:lvl w:ilvl="0" w:tplc="B79C84CA"><w:start w:val="1"/><w:numFmt w:val="hebrew1"/><w:lvlText w:val="%1."/><w:lvlJc w:val="left"/><w:pPr><w:tabs><w:tab w:val="num" w:pos="981"/></w:tabs><w:ind w:left="981" w:hanging="360"/></w:pPr><w:rPr><w:rFonts w:hint="default"/></w:rPr></w:lvl><w:lvl w:ilvl="1" w:tplc="04090019" w:tentative="1"><w:start w:val="1"/><w:numFmt w:val="lowerLetter"/><w:lvlText w:val="%2."/><w:lvlJc w:val="left"/><w:pPr><w:tabs><w:tab w:val="num" w:pos="1440"/></w:tabs><w:ind w:left="1440" w:hanging="360"/></w:pPr></w:lvl><w:lvl w:ilvl="2" w:tplc="0409001B" w:tentative="1"><w:start w:val="1"/><w:numFmt w:val="lowerRoman"/><w:lvlText w:val="%3."/><w:lvlJc w:val="right"/><w:pPr><w:tabs><w:tab w:val="num" w:pos="2160"/></w:tabs><w:ind w:left="2160" w:hanging="180"/></w:pPr></w:lvl><w:lvl w:ilvl="3" w:tplc="0409000F" w:tentative="1"><w:start w:val="1"/><w:numFmt w:val="decimal"/><w:lvlText w:val="%4."/><w:lvlJc w:val="left"/><w:pPr><w:tabs><w:tab w:val="num" w:pos="2880"/></w:tabs><w:ind w:left="2880" w:hanging="360"/></w:pPr></w:lvl><w:lvl w:ilvl="4" w:tplc="04090019" w:tentative="1"><w:start w:val="1"/><w:numFmt w:val="lowerLetter"/><w:lvlText w:val="%5."/><w:lvlJc w:val="left"/><w:pPr><w:tabs><w:tab w:val="num" w:pos="3600"/></w:tabs><w:ind w:left="3600" w:hanging="360"/></w:pPr></w:lvl><w:lvl w:ilvl="5" w:tplc="0409001B" w:tentative="1"><w:start w:val="1"/><w:numFmt w:val="lowerRoman"/><w:lvlText w:val="%6."/><w:lvlJc w:val="right"/><w:pPr><w:tabs><w:tab w:val="num" w:pos="4320"/></w:tabs><w:ind w:left="4320" w:hanging="180"/></w:pPr></w:lvl><w:lvl w:ilvl="6" w:tplc="0409000F" w:tentative="1"><w:start w:val="1"/><w:numFmt w:val="decimal"/><w:lvlText w:val="%7."/><w:lvlJc w:val="left"/><w:pPr><w:tabs><w:tab w:val="num" w:pos="5040"/></w:tabs><w:ind w:left="5040" w:hanging="360"/></w:pPr></w:lvl><w:lvl w:ilvl="7" w:tplc="04090019" w:tentative="1"><w:start w:val="1"/><w:numFmt w:val="lowerLetter"/><w:lvlText w:val="%8."/><w:lvlJc w:val="left"/><w:pPr><w:tabs><w:tab w:val="num" w:pos="5760"/></w:tabs><w:ind w:left="5760" w:hanging="360"/></w:pPr></w:lvl><w:lvl w:ilvl="8" w:tplc="0409001B" w:tentative="1"><w:start w:val="1"/><w:numFmt w:val="lowerRoman"/><w:lvlText w:val="%9."/><w:lvlJc w:val="right"/><w:pPr><w:tabs><w:tab w:val="num" w:pos="6480"/></w:tabs><w:ind w:left="6480" w:hanging="180"/></w:pPr></w:lvl></w:abstractNum><w:abstractNum w:abstractNumId="31" w15:restartNumberingAfterBreak="0"><w:nsid w:val="6D436D96"/><w:multiLevelType w:val="hybridMultilevel"/><w:tmpl w:val="13BA091A"/><w:lvl w:ilvl="0" w:tplc="FBD833C2"><w:start w:val="1"/><w:numFmt w:val="hebrew1"/><w:lvlText w:val="%1."/><w:lvlJc w:val="left"/><w:pPr><w:ind w:left="720" w:hanging="360"/></w:pPr><w:rPr><w:rFonts w:hint="default"/></w:rPr></w:lvl><w:lvl w:ilvl="1" w:tplc="04090019" w:tentative="1"><w:start w:val="1"/><w:numFmt w:val="lowerLetter"/><w:lvlText w:val="%2."/><w:lvlJc w:val="left"/><w:pPr><w:ind w:left="1440" w:hanging="360"/></w:pPr></w:lvl><w:lvl w:ilvl="2" w:tplc="0409001B" w:tentative="1"><w:start w:val="1"/><w:numFmt w:val="lowerRoman"/><w:lvlText w:val="%3."/><w:lvlJc w:val="right"/><w:pPr><w:ind w:left="2160" w:hanging="180"/></w:pPr></w:lvl><w:lvl w:ilvl="3" w:tplc="0409000F" w:tentative="1"><w:start w:val="1"/><w:numFmt w:val="decimal"/><w:lvlText w:val="%4."/><w:lvlJc w:val="left"/><w:pPr><w:ind w:left="2880" w:hanging="360"/></w:pPr></w:lvl><w:lvl w:ilvl="4" w:tplc="04090019" w:tentative="1"><w:start w:val="1"/><w:numFmt w:val="lowerLetter"/><w:lvlText w:val="%5."/><w:lvlJc w:val="left"/><w:pPr><w:ind w:left="3600" w:hanging="360"/></w:pPr></w:lvl><w:lvl w:ilvl="5" w:tplc="0409001B" w:tentative="1"><w:start w:val="1"/><w:numFmt w:val="lowerRoman"/><w:lvlText w:val="%6."/><w:lvlJc w:val="right"/><w:pPr><w:ind w:left="4320" w:hanging="180"/></w:pPr></w:lvl><w:lvl w:ilvl="6" w:tplc="0409000F" w:tentative="1"><w:start w:val="1"/><w:numFmt w:val="decimal"/><w:lvlText w:val="%7."/><w:lvlJc w:val="left"/><w:pPr><w:ind w:left="5040" w:hanging="360"/></w:pPr></w:lvl><w:lvl w:ilvl="7" w:tplc="04090019" w:tentative="1"><w:start w:val="1"/><w:numFmt w:val="lowerLetter"/><w:lvlText w:val="%8."/><w:lvlJc w:val="left"/><w:pPr><w:ind w:left="5760" w:hanging="360"/></w:pPr></w:lvl><w:lvl w:ilvl="8" w:tplc="0409001B" w:tentative="1"><w:start w:val="1"/><w:numFmt w:val="lowerRoman"/><w:lvlText w:val="%9."/><w:lvlJc w:val="right"/><w:pPr><w:ind w:left="6480" w:hanging="180"/></w:pPr></w:lvl></w:abstractNum><w:abstractNum w:abstractNumId="32" w15:restartNumberingAfterBreak="0"><w:nsid w:val="716B582D"/><w:multiLevelType w:val="hybridMultilevel"/><w:tmpl w:val="169473A2"/><w:lvl w:ilvl="0" w:tplc="0409001B"><w:start w:val="1"/><w:numFmt w:val="lowerRoman"/><w:lvlText w:val="%1."/><w:lvlJc w:val="right"/><w:pPr><w:tabs><w:tab w:val="num" w:pos="720"/></w:tabs><w:ind w:left="720" w:hanging="360"/></w:pPr></w:lvl><w:lvl w:ilvl="1" w:tplc="04090019" w:tentative="1"><w:start w:val="1"/><w:numFmt w:val="lowerLetter"/><w:lvlText w:val="%2."/><w:lvlJc w:val="left"/><w:pPr><w:tabs><w:tab w:val="num" w:pos="1440"/></w:tabs><w:ind w:left="1440" w:hanging="360"/></w:pPr></w:lvl><w:lvl w:ilvl="2" w:tplc="0409001B" w:tentative="1"><w:start w:val="1"/><w:numFmt w:val="lowerRoman"/><w:lvlText w:val="%3."/><w:lvlJc w:val="right"/><w:pPr><w:tabs><w:tab w:val="num" w:pos="2160"/></w:tabs><w:ind w:left="2160" w:hanging="180"/></w:pPr></w:lvl><w:lvl w:ilvl="3" w:tplc="0409000F" w:tentative="1"><w:start w:val="1"/><w:numFmt w:val="decimal"/><w:lvlText w:val="%4."/><w:lvlJc w:val="left"/><w:pPr><w:tabs><w:tab w:val="num" w:pos="2880"/></w:tabs><w:ind w:left="2880" w:hanging="360"/></w:pPr></w:lvl><w:lvl w:ilvl="4" w:tplc="04090019" w:tentative="1"><w:start w:val="1"/><w:numFmt w:val="lowerLetter"/><w:lvlText w:val="%5."/><w:lvlJc w:val="left"/><w:pPr><w:tabs><w:tab w:val="num" w:pos="3600"/></w:tabs><w:ind w:left="3600" w:hanging="360"/></w:pPr></w:lvl><w:lvl w:ilvl="5" w:tplc="0409001B" w:tentative="1"><w:start w:val="1"/><w:numFmt w:val="lowerRoman"/><w:lvlText w:val="%6."/><w:lvlJc w:val="right"/><w:pPr><w:tabs><w:tab w:val="num" w:pos="4320"/></w:tabs><w:ind w:left="4320" w:hanging="180"/></w:pPr></w:lvl><w:lvl w:ilvl="6" w:tplc="0409000F" w:tentative="1"><w:start w:val="1"/><w:numFmt w:val="decimal"/><w:lvlText w:val="%7."/><w:lvlJc w:val="left"/><w:pPr><w:tabs><w:tab w:val="num" w:pos="5040"/></w:tabs><w:ind w:left="5040" w:hanging="360"/></w:pPr></w:lvl><w:lvl w:ilvl="7" w:tplc="04090019" w:tentative="1"><w:start w:val="1"/><w:numFmt w:val="lowerLetter"/><w:lvlText w:val="%8."/><w:lvlJc w:val="left"/><w:pPr><w:tabs><w:tab w:val="num" w:pos="5760"/></w:tabs><w:ind w:left="5760" w:hanging="360"/></w:pPr></w:lvl><w:lvl w:ilvl="8" w:tplc="0409001B" w:tentative="1"><w:start w:val="1"/><w:numFmt w:val="lowerRoman"/><w:lvlText w:val="%9."/><w:lvlJc w:val="right"/><w:pPr><w:tabs><w:tab w:val="num" w:pos="6480"/></w:tabs><w:ind w:left="6480" w:hanging="180"/></w:pPr></w:lvl></w:abstractNum><w:abstractNum w:abstractNumId="33" w15:restartNumberingAfterBreak="0"><w:nsid w:val="742F1009"/><w:multiLevelType w:val="hybridMultilevel"/><w:tmpl w:val="A89E38A4"/><w:lvl w:ilvl="0" w:tplc="0409000F"><w:start w:val="1"/><w:numFmt w:val="decimal"/><w:lvlText w:val="%1."/><w:lvlJc w:val="left"/><w:pPr><w:tabs><w:tab w:val="num" w:pos="720"/></w:tabs><w:ind w:left="720" w:hanging="360"/></w:pPr></w:lvl><w:lvl w:ilvl="1" w:tplc="04090019" w:tentative="1"><w:start w:val="1"/><w:numFmt w:val="lowerLetter"/><w:lvlText w:val="%2."/><w:lvlJc w:val="left"/><w:pPr><w:tabs><w:tab w:val="num" w:pos="1440"/></w:tabs><w:ind w:left="1440" w:hanging="360"/></w:pPr></w:lvl><w:lvl w:ilvl="2" w:tplc="0409001B" w:tentative="1"><w:start w:val="1"/><w:numFmt w:val="lowerRoman"/><w:lvlText w:val="%3."/><w:lvlJc w:val="right"/><w:pPr><w:tabs><w:tab w:val="num" w:pos="2160"/></w:tabs><w:ind w:left="2160" w:hanging="180"/></w:pPr></w:lvl><w:lvl w:ilvl="3" w:tplc="0409000F" w:tentative="1"><w:start w:val="1"/><w:numFmt w:val="decimal"/><w:lvlText w:val="%4."/><w:lvlJc w:val="left"/><w:pPr><w:tabs><w:tab w:val="num" w:pos="2880"/></w:tabs><w:ind w:left="2880" w:hanging="360"/></w:pPr></w:lvl><w:lvl w:ilvl="4" w:tplc="04090019" w:tentative="1"><w:start w:val="1"/><w:numFmt w:val="lowerLetter"/><w:lvlText w:val="%5."/><w:lvlJc w:val="left"/><w:pPr><w:tabs><w:tab w:val="num" w:pos="3600"/></w:tabs><w:ind w:left="3600" w:hanging="360"/></w:pPr></w:lvl><w:lvl w:ilvl="5" w:tplc="0409001B" w:tentative="1"><w:start w:val="1"/><w:numFmt w:val="lowerRoman"/><w:lvlText w:val="%6."/><w:lvlJc w:val="right"/><w:pPr><w:tabs><w:tab w:val="num" w:pos="4320"/></w:tabs><w:ind w:left="4320" w:hanging="180"/></w:pPr></w:lvl><w:lvl w:ilvl="6" w:tplc="0409000F" w:tentative="1"><w:start w:val="1"/><w:numFmt w:val="decimal"/><w:lvlText w:val="%7."/><w:lvlJc w:val="left"/><w:pPr><w:tabs><w:tab w:val="num" w:pos="5040"/></w:tabs><w:ind w:left="5040" w:hanging="360"/></w:pPr></w:lvl><w:lvl w:ilvl="7" w:tplc="04090019" w:tentative="1"><w:start w:val="1"/><w:numFmt w:val="lowerLetter"/><w:lvlText w:val="%8."/><w:lvlJc w:val="left"/><w:pPr><w:tabs><w:tab w:val="num" w:pos="5760"/></w:tabs><w:ind w:left="5760" w:hanging="360"/></w:pPr></w:lvl><w:lvl w:ilvl="8" w:tplc="0409001B" w:tentative="1"><w:start w:val="1"/><w:numFmt w:val="lowerRoman"/><w:lvlText w:val="%9."/><w:lvlJc w:val="right"/><w:pPr><w:tabs><w:tab w:val="num" w:pos="6480"/></w:tabs><w:ind w:left="6480" w:hanging="180"/></w:pPr></w:lvl></w:abstractNum><w:abstractNum w:abstractNumId="34" w15:restartNumberingAfterBreak="0"><w:nsid w:val="76CE1A3A"/><w:multiLevelType w:val="hybridMultilevel"/><w:tmpl w:val="1C4257B8"/><w:lvl w:ilvl="0" w:tplc="77627B42"><w:start w:val="1"/><w:numFmt w:val="hebrew1"/><w:lvlText w:val="%1."/><w:lvlJc w:val="left"/><w:pPr><w:ind w:left="720" w:hanging="360"/></w:pPr><w:rPr><w:rFonts w:hint="default"/><w:b w:val="0"/></w:rPr></w:lvl><w:lvl w:ilvl="1" w:tplc="04090019" w:tentative="1"><w:start w:val="1"/><w:numFmt w:val="lowerLetter"/><w:lvlText w:val="%2."/><w:lvlJc w:val="left"/><w:pPr><w:ind w:left="1440" w:hanging="360"/></w:pPr></w:lvl><w:lvl w:ilvl="2" w:tplc="0409001B" w:tentative="1"><w:start w:val="1"/><w:numFmt w:val="lowerRoman"/><w:lvlText w:val="%3."/><w:lvlJc w:val="right"/><w:pPr><w:ind w:left="2160" w:hanging="180"/></w:pPr></w:lvl><w:lvl w:ilvl="3" w:tplc="0409000F" w:tentative="1"><w:start w:val="1"/><w:numFmt w:val="decimal"/><w:lvlText w:val="%4."/><w:lvlJc w:val="left"/><w:pPr><w:ind w:left="2880" w:hanging="360"/></w:pPr></w:lvl><w:lvl w:ilvl="4" w:tplc="04090019" w:tentative="1"><w:start w:val="1"/><w:numFmt w:val="lowerLetter"/><w:lvlText w:val="%5."/><w:lvlJc w:val="left"/><w:pPr><w:ind w:left="3600" w:hanging="360"/></w:pPr></w:lvl><w:lvl w:ilvl="5" w:tplc="0409001B" w:tentative="1"><w:start w:val="1"/><w:numFmt w:val="lowerRoman"/><w:lvlText w:val="%6."/><w:lvlJc w:val="right"/><w:pPr><w:ind w:left="4320" w:hanging="180"/></w:pPr></w:lvl><w:lvl w:ilvl="6" w:tplc="0409000F" w:tentative="1"><w:start w:val="1"/><w:numFmt w:val="decimal"/><w:lvlText w:val="%7."/><w:lvlJc w:val="left"/><w:pPr><w:ind w:left="5040" w:hanging="360"/></w:pPr></w:lvl><w:lvl w:ilvl="7" w:tplc="04090019" w:tentative="1"><w:start w:val="1"/><w:numFmt w:val="lowerLetter"/><w:lvlText w:val="%8."/><w:lvlJc w:val="left"/><w:pPr><w:ind w:left="5760" w:hanging="360"/></w:pPr></w:lvl><w:lvl w:ilvl="8" w:tplc="0409001B" w:tentative="1"><w:start w:val="1"/><w:numFmt w:val="lowerRoman"/><w:lvlText w:val="%9."/><w:lvlJc w:val="right"/><w:pPr><w:ind w:left="6480" w:hanging="180"/></w:pPr></w:lvl></w:abstractNum><w:abstractNum w:abstractNumId="35" w15:restartNumberingAfterBreak="0"><w:nsid w:val="79370C1D"/><w:multiLevelType w:val="hybridMultilevel"/><w:tmpl w:val="BF3E1EF4"/><w:lvl w:ilvl="0" w:tplc="0409000F"><w:start w:val="1"/><w:numFmt w:val="decimal"/><w:lvlText w:val="%1."/><w:lvlJc w:val="left"/><w:pPr><w:tabs><w:tab w:val="num" w:pos="436"/></w:tabs><w:ind w:left="436" w:hanging="360"/></w:pPr></w:lvl><w:lvl w:ilvl="1" w:tplc="04090019" w:tentative="1"><w:start w:val="1"/><w:numFmt w:val="lowerLetter"/><w:lvlText w:val="%2."/><w:lvlJc w:val="left"/><w:pPr><w:tabs><w:tab w:val="num" w:pos="1156"/></w:tabs><w:ind w:left="1156" w:hanging="360"/></w:pPr></w:lvl><w:lvl w:ilvl="2" w:tplc="0409001B" w:tentative="1"><w:start w:val="1"/><w:numFmt w:val="lowerRoman"/><w:lvlText w:val="%3."/><w:lvlJc w:val="right"/><w:pPr><w:tabs><w:tab w:val="num" w:pos="1876"/></w:tabs><w:ind w:left="1876" w:hanging="180"/></w:pPr></w:lvl><w:lvl w:ilvl="3" w:tplc="0409000F" w:tentative="1"><w:start w:val="1"/><w:numFmt w:val="decimal"/><w:lvlText w:val="%4."/><w:lvlJc w:val="left"/><w:pPr><w:tabs><w:tab w:val="num" w:pos="2596"/></w:tabs><w:ind w:left="2596" w:hanging="360"/></w:pPr></w:lvl><w:lvl w:ilvl="4" w:tplc="04090019" w:tentative="1"><w:start w:val="1"/><w:numFmt w:val="lowerLetter"/><w:lvlText w:val="%5."/><w:lvlJc w:val="left"/><w:pPr><w:tabs><w:tab w:val="num" w:pos="3316"/></w:tabs><w:ind w:left="3316" w:hanging="360"/></w:pPr></w:lvl><w:lvl w:ilvl="5" w:tplc="0409001B" w:tentative="1"><w:start w:val="1"/><w:numFmt w:val="lowerRoman"/><w:lvlText w:val="%6."/><w:lvlJc w:val="right"/><w:pPr><w:tabs><w:tab w:val="num" w:pos="4036"/></w:tabs><w:ind w:left="4036" w:hanging="180"/></w:pPr></w:lvl><w:lvl w:ilvl="6" w:tplc="0409000F" w:tentative="1"><w:start w:val="1"/><w:numFmt w:val="decimal"/><w:lvlText w:val="%7."/><w:lvlJc w:val="left"/><w:pPr><w:tabs><w:tab w:val="num" w:pos="4756"/></w:tabs><w:ind w:left="4756" w:hanging="360"/></w:pPr></w:lvl><w:lvl w:ilvl="7" w:tplc="04090019" w:tentative="1"><w:start w:val="1"/><w:numFmt w:val="lowerLetter"/><w:lvlText w:val="%8."/><w:lvlJc w:val="left"/><w:pPr><w:tabs><w:tab w:val="num" w:pos="5476"/></w:tabs><w:ind w:left="5476" w:hanging="360"/></w:pPr></w:lvl><w:lvl w:ilvl="8" w:tplc="0409001B" w:tentative="1"><w:start w:val="1"/><w:numFmt w:val="lowerRoman"/><w:lvlText w:val="%9."/><w:lvlJc w:val="right"/><w:pPr><w:tabs><w:tab w:val="num" w:pos="6196"/></w:tabs><w:ind w:left="6196" w:hanging="180"/></w:pPr></w:lvl></w:abstractNum><w:abstractNum w:abstractNumId="36" w15:restartNumberingAfterBreak="0"><w:nsid w:val="7FAD6040"/><w:multiLevelType w:val="hybridMultilevel"/><w:tmpl w:val="96D02E4E"/><w:lvl w:ilvl="0" w:tplc="04090001"><w:start w:val="1"/><w:numFmt w:val="bullet"/><w:lvlText w:val=""/><w:lvlJc w:val="left"/><w:pPr><w:ind w:left="720" w:hanging="360"/></w:pPr><w:rPr><w:rFonts w:ascii="Symbol" w:hAnsi="Symbol" w:hint="default"/></w:rPr></w:lvl><w:lvl w:ilvl="1" w:tplc="04090003" w:tentative="1"><w:start w:val="1"/><w:numFmt w:val="bullet"/><w:lvlText w:val="o"/><w:lvlJc w:val="left"/><w:pPr><w:ind w:left="1440" w:hanging="360"/></w:pPr><w:rPr><w:rFonts w:ascii="Courier New" w:hAnsi="Courier New" w:cs="Courier New" w:hint="default"/></w:rPr></w:lvl><w:lvl w:ilvl="2" w:tplc="04090005" w:tentative="1"><w:start w:val="1"/><w:numFmt w:val="bullet"/><w:lvlText w:val=""/><w:lvlJc w:val="left"/><w:pPr><w:ind w:left="2160" w:hanging="360"/></w:pPr><w:rPr><w:rFonts w:ascii="Wingdings" w:hAnsi="Wingdings" w:hint="default"/></w:rPr></w:lvl><w:lvl w:ilvl="3" w:tplc="04090001" w:tentative="1"><w:start w:val="1"/><w:numFmt w:val="bullet"/><w:lvlText w:val=""/><w:lvlJc w:val="left"/><w:pPr><w:ind w:left="2880" w:hanging="360"/></w:pPr><w:rPr><w:rFonts w:ascii="Symbol" w:hAnsi="Symbol" w:hint="default"/></w:rPr></w:lvl><w:lvl w:ilvl="4" w:tplc="04090003" w:tentative="1"><w:start w:val="1"/><w:numFmt w:val="bullet"/><w:lvlText w:val="o"/><w:lvlJc w:val="left"/><w:pPr><w:ind w:left="3600" w:hanging="360"/></w:pPr><w:rPr><w:rFonts w:ascii="Courier New" w:hAnsi="Courier New" w:cs="Courier New" w:hint="default"/></w:rPr></w:lvl><w:lvl w:ilvl="5" w:tplc="04090005" w:tentative="1"><w:start w:val="1"/><w:numFmt w:val="bullet"/><w:lvlText w:val=""/><w:lvlJc w:val="left"/><w:pPr><w:ind w:left="4320" w:hanging="360"/></w:pPr><w:rPr><w:rFonts w:ascii="Wingdings" w:hAnsi="Wingdings" w:hint="default"/></w:rPr></w:lvl><w:lvl w:ilvl="6" w:tplc="04090001" w:tentative="1"><w:start w:val="1"/><w:numFmt w:val="bullet"/><w:lvlText w:val=""/><w:lvlJc w:val="left"/><w:pPr><w:ind w:left="5040" w:hanging="360"/></w:pPr><w:rPr><w:rFonts w:ascii="Symbol" w:hAnsi="Symbol" w:hint="default"/></w:rPr></w:lvl><w:lvl w:ilvl="7" w:tplc="04090003" w:tentative="1"><w:start w:val="1"/><w:numFmt w:val="bullet"/><w:lvlText w:val="o"/><w:lvlJc w:val="left"/><w:pPr><w:ind w:left="5760" w:hanging="360"/></w:pPr><w:rPr><w:rFonts w:ascii="Courier New" w:hAnsi="Courier New" w:cs="Courier New" w:hint="default"/></w:rPr></w:lvl><w:lvl w:ilvl="8" w:tplc="04090005" w:tentative="1"><w:start w:val="1"/><w:numFmt w:val="bullet"/><w:lvlText w:val=""/><w:lvlJc w:val="left"/><w:pPr><w:ind w:left="6480" w:hanging="360"/></w:pPr><w:rPr><w:rFonts w:ascii="Wingdings" w:hAnsi="Wingdings" w:hint="default"/></w:rPr></w:lvl></w:abstractNum><w:num w:numId="1"><w:abstractNumId w:val="29"/></w:num><w:num w:numId="2"><w:abstractNumId w:val="0"/></w:num><w:num w:numId="3"><w:abstractNumId w:val="21"/></w:num><w:num w:numId="4"><w:abstractNumId w:val="8"/></w:num><w:num w:numId="5"><w:abstractNumId w:val="15"/></w:num><w:num w:numId="6"><w:abstractNumId w:val="32"/></w:num><w:num w:numId="7"><w:abstractNumId w:val="2"/></w:num><w:num w:numId="8"><w:abstractNumId w:val="28"/></w:num><w:num w:numId="9"><w:abstractNumId w:val="23"/></w:num><w:num w:numId="10"><w:abstractNumId w:val="35"/></w:num><w:num w:numId="11"><w:abstractNumId w:val="20"/></w:num><w:num w:numId="12"><w:abstractNumId w:val="33"/></w:num><w:num w:numId="13"><w:abstractNumId w:val="12"/></w:num><w:num w:numId="14"><w:abstractNumId w:val="4"/></w:num><w:num w:numId="15"><w:abstractNumId w:val="17"/></w:num><w:num w:numId="16"><w:abstractNumId w:val="10"/></w:num><w:num w:numId="17"><w:abstractNumId w:val="5"/></w:num><w:num w:numId="18"><w:abstractNumId w:val="34"/></w:num><w:num w:numId="19"><w:abstractNumId w:val="14"/></w:num><w:num w:numId="20"><w:abstractNumId w:val="18"/></w:num><w:num w:numId="21"><w:abstractNumId w:val="7"/></w:num><w:num w:numId="22"><w:abstractNumId w:val="26"/></w:num><w:num w:numId="23"><w:abstractNumId w:val="9"/></w:num><w:num w:numId="24"><w:abstractNumId w:val="13"/></w:num><w:num w:numId="25"><w:abstractNumId w:val="30"/></w:num><w:num w:numId="26"><w:abstractNumId w:val="3"/></w:num><w:num w:numId="27"><w:abstractNumId w:val="22"/></w:num><w:num w:numId="28"><w:abstractNumId w:val="16"/></w:num><w:num w:numId="29"><w:abstractNumId w:val="1"/></w:num><w:num w:numId="30"><w:abstractNumId w:val="19"/></w:num><w:num w:numId="31"><w:abstractNumId w:val="11"/></w:num><w:num w:numId="32"><w:abstractNumId w:val="27"/></w:num><w:num w:numId="33"><w:abstractNumId w:val="25"/></w:num><w:num w:numId="34"><w:abstractNumId w:val="36"/></w:num><w:num w:numId="35"><w:abstractNumId w:val="31"/></w:num><w:num w:numId="36"><w:abstractNumId w:val="24"/></w:num><w:num w:numId="37"><w:abstractNumId w:val="6"/></w:num></w:numbering>